{
  "name": "backend",
  "version": "1.0.0",
  "lockfileVersion": 3,
  "requires": true,
  "packages": {
    "": {
      "name": "backend",
      "version": "1.0.0",
      "license": "ISC",
      "dependencies": {
        "bcrypt": "^5.1.0",
        "body-parser": "^1.20.2",
        "crypto": "^1.0.1",
        "dotenv": "^16.3.1",
        "express": "^4.19.1",
        "googleapis": "^122.0.0",
        "joi": "^17.9.2",
        "jsonwebtoken": "^9.0.1",
        "mongoose": "^7.4.0",
        "multer": "^1.4.5-lts.1",
        "nodemailer": "^6.9.4",
        "sharp": "^0.32.4",
        "simple-spellchecker": "^1.0.2",
        "string-similarity": "^4.0.4"
      }
    },
    "node_modules/@hapi/hoek": {
      "version": "9.3.0",
      "resolved": "https://registry.npmjs.org/@hapi/hoek/-/hoek-9.3.0.tgz",
      "integrity": "sha512-/c6rf4UJlmHlC9b5BaNvzAcFv7HZ2QHaV0D4/HNlBdvFnvQq8RI4kYdhyPCl7Xj+oWvTWQ8ujhqS53LIgAe6KQ=="
    },
    "node_modules/@hapi/topo": {
      "version": "5.1.0",
      "resolved": "https://registry.npmjs.org/@hapi/topo/-/topo-5.1.0.tgz",
      "integrity": "sha512-foQZKJig7Ob0BMAYBfcJk8d77QtOe7Wo4ox7ff1lQYoNNAb6jwcY1ncdoy2e9wQZzvNy7ODZCYJkK8kzmcAnAg==",
      "dependencies": {
        "@hapi/hoek": "^9.0.0"
      }
    },
    "node_modules/@mapbox/node-pre-gyp": {
      "version": "1.0.11",
      "resolved": "https://registry.npmjs.org/@mapbox/node-pre-gyp/-/node-pre-gyp-1.0.11.tgz",
      "integrity": "sha512-Yhlar6v9WQgUp/He7BdgzOz8lqMQ8sU+jkCq7Wx8Myc5YFJLbEe7lgui/V7G1qB1DJykHSGwreceSaD60Y0PUQ==",
      "dependencies": {
        "detect-libc": "^2.0.0",
        "https-proxy-agent": "^5.0.0",
        "make-dir": "^3.1.0",
        "node-fetch": "^2.6.7",
        "nopt": "^5.0.0",
        "npmlog": "^5.0.1",
        "rimraf": "^3.0.2",
        "semver": "^7.3.5",
        "tar": "^6.1.11"
      },
      "bin": {
        "node-pre-gyp": "bin/node-pre-gyp"
      }
    },
    "node_modules/@sideway/address": {
      "version": "4.1.4",
      "resolved": "https://registry.npmjs.org/@sideway/address/-/address-4.1.4.tgz",
      "integrity": "sha512-7vwq+rOHVWjyXxVlR76Agnvhy8I9rpzjosTESvmhNeXOXdZZB15Fl+TI9x1SiHZH5Jv2wTGduSxFDIaq0m3DUw==",
      "dependencies": {
        "@hapi/hoek": "^9.0.0"
      }
    },
    "node_modules/@sideway/formula": {
      "version": "3.0.1",
      "resolved": "https://registry.npmjs.org/@sideway/formula/-/formula-3.0.1.tgz",
      "integrity": "sha512-/poHZJJVjx3L+zVD6g9KgHfYnb443oi7wLu/XKojDviHy6HOEOA6z1Trk5aR1dGcmPenJEgb2sK2I80LeS3MIg=="
    },
    "node_modules/@sideway/pinpoint": {
      "version": "2.0.0",
      "resolved": "https://registry.npmjs.org/@sideway/pinpoint/-/pinpoint-2.0.0.tgz",
      "integrity": "sha512-RNiOoTPkptFtSVzQevY/yWtZwf/RxyVnPy/OcA9HBM3MlGDnBEYL5B41H0MTn0Uec8Hi+2qUtTfG2WWZBmMejQ=="
    },
    "node_modules/@types/node": {
      "version": "20.4.2",
      "resolved": "https://registry.npmjs.org/@types/node/-/node-20.4.2.tgz",
      "integrity": "sha512-Dd0BYtWgnWJKwO1jkmTrzofjK2QXXcai0dmtzvIBhcA+RsG5h8R3xlyta0kGOZRNfL9GuRtb1knmPEhQrePCEw=="
    },
    "node_modules/@types/webidl-conversions": {
      "version": "7.0.0",
      "resolved": "https://registry.npmjs.org/@types/webidl-conversions/-/webidl-conversions-7.0.0.tgz",
      "integrity": "sha512-xTE1E+YF4aWPJJeUzaZI5DRntlkY3+BCVJi0axFptnjGmAoWxkyREIh/XMrfxVLejwQxMCfDXdICo0VLxThrog=="
    },
    "node_modules/@types/whatwg-url": {
      "version": "8.2.2",
      "resolved": "https://registry.npmjs.org/@types/whatwg-url/-/whatwg-url-8.2.2.tgz",
      "integrity": "sha512-FtQu10RWgn3D9U4aazdwIE2yzphmTJREDqNdODHrbrZmmMqI0vMheC/6NE/J1Yveaj8H+ela+YwWTjq5PGmuhA==",
      "dependencies": {
        "@types/node": "*",
        "@types/webidl-conversions": "*"
      }
    },
    "node_modules/abbrev": {
      "version": "1.1.1",
      "resolved": "https://registry.npmjs.org/abbrev/-/abbrev-1.1.1.tgz",
      "integrity": "sha512-nne9/IiQ/hzIhY6pdDnbBtz7DjPTKrY00P/zvPSm5pOFkl6xuGrGnXn/VtTNNfNtAfZ9/1RtehkszU9qcTii0Q=="
    },
    "node_modules/accepts": {
      "version": "1.3.8",
      "resolved": "https://registry.npmjs.org/accepts/-/accepts-1.3.8.tgz",
      "integrity": "sha512-PYAthTa2m2VKxuvSD3DPC/Gy+U+sOA1LAuT8mkmRuvw+NACSaeXEQ+NHcVF7rONl6qcaxV3Uuemwawk+7+SJLw==",
      "dependencies": {
        "mime-types": "~2.1.34",
        "negotiator": "0.6.3"
      },
      "engines": {
        "node": ">= 0.6"
      }
    },
    "node_modules/adm-zip": {
      "version": "0.5.10",
      "resolved": "https://registry.npmjs.org/adm-zip/-/adm-zip-0.5.10.tgz",
      "integrity": "sha512-x0HvcHqVJNTPk/Bw8JbLWlWoo6Wwnsug0fnYYro1HBrjxZ3G7/AZk7Ahv8JwDe1uIcz8eBqvu86FuF1POiG7vQ==",
      "engines": {
        "node": ">=6.0"
      }
    },
    "node_modules/agent-base": {
      "version": "6.0.2",
      "resolved": "https://registry.npmjs.org/agent-base/-/agent-base-6.0.2.tgz",
      "integrity": "sha512-RZNwNclF7+MS/8bDg70amg32dyeZGZxiDuQmZxKLAlQjr3jGyLx+4Kkk58UO7D2QdgFIQCovuSuZESne6RG6XQ==",
      "dependencies": {
        "debug": "4"
      },
      "engines": {
        "node": ">= 6.0.0"
      }
    },
    "node_modules/ansi-regex": {
      "version": "5.0.1",
      "resolved": "https://registry.npmjs.org/ansi-regex/-/ansi-regex-5.0.1.tgz",
      "integrity": "sha512-quJQXlTSUGL2LH9SUXo8VwsY4soanhgo6LNSm84E1LBcE8s3O0wpdiRzyR9z/ZZJMlMWv37qOOb9pdJlMUEKFQ==",
      "engines": {
        "node": ">=8"
      }
    },
    "node_modules/append-field": {
      "version": "1.0.0",
      "resolved": "https://registry.npmjs.org/append-field/-/append-field-1.0.0.tgz",
      "integrity": "sha512-klpgFSWLW1ZEs8svjfb7g4qWY0YS5imI82dTg+QahUvJ8YqAY0P10Uk8tTyh9ZGuYEZEMaeJYCF5BFuX552hsw=="
    },
    "node_modules/aproba": {
      "version": "2.0.0",
      "resolved": "https://registry.npmjs.org/aproba/-/aproba-2.0.0.tgz",
      "integrity": "sha512-lYe4Gx7QT+MKGbDsA+Z+he/Wtef0BiwDOlK/XkBrdfsh9J/jPPXbX0tE9x9cl27Tmu5gg3QUbUrQYa/y+KOHPQ=="
    },
    "node_modules/are-we-there-yet": {
      "version": "2.0.0",
      "resolved": "https://registry.npmjs.org/are-we-there-yet/-/are-we-there-yet-2.0.0.tgz",
      "integrity": "sha512-Ci/qENmwHnsYo9xKIcUJN5LeDKdJ6R1Z1j9V/J5wyq8nh/mYPEpIKJbBZXtZjG04HiK7zV/p6Vs9952MrMeUIw==",
      "dependencies": {
        "delegates": "^1.0.0",
        "readable-stream": "^3.6.0"
      },
      "engines": {
        "node": ">=10"
      }
    },
    "node_modules/array-flatten": {
      "version": "1.1.1",
      "resolved": "https://registry.npmjs.org/array-flatten/-/array-flatten-1.1.1.tgz",
      "integrity": "sha512-PCVAQswWemu6UdxsDFFX/+gVeYqKAod3D3UVm91jHwynguOwAvYPhx8nNlM++NqRcK6CxxpUafjmhIdKiHibqg=="
    },
    "node_modules/arrify": {
      "version": "2.0.1",
      "resolved": "https://registry.npmjs.org/arrify/-/arrify-2.0.1.tgz",
      "integrity": "sha512-3duEwti880xqi4eAMN8AyR4a0ByT90zoYdLlevfrvU43vb0YZwZVfxOgxWrLXXXpyugL0hNZc9G6BiB5B3nUug==",
      "engines": {
        "node": ">=8"
      }
    },
    "node_modules/b4a": {
      "version": "1.6.4",
      "resolved": "https://registry.npmjs.org/b4a/-/b4a-1.6.4.tgz",
      "integrity": "sha512-fpWrvyVHEKyeEvbKZTVOeZF3VSKKWtJxFIxX/jaVPf+cLbGUSitjb49pHLqPV2BUNNZ0LcoeEGfE/YCpyDYHIw=="
    },
    "node_modules/balanced-match": {
      "version": "1.0.2",
      "resolved": "https://registry.npmjs.org/balanced-match/-/balanced-match-1.0.2.tgz",
      "integrity": "sha512-3oSeUO0TMV67hN1AmbXsK4yaqU7tjiHlbxRDZOpH0KW9+CeX4bRAaX0Anxt0tx2MrpRpWwQaPwIlISEJhYU5Pw=="
    },
    "node_modules/base64-js": {
      "version": "1.5.1",
      "resolved": "https://registry.npmjs.org/base64-js/-/base64-js-1.5.1.tgz",
      "integrity": "sha512-AKpaYlHn8t4SVbOHCy+b5+KKgvR4vrsD8vbvrbiQJps7fKDTkjkDry6ji0rUJjC0kzbNePLwzxq8iypo41qeWA==",
      "funding": [
        {
          "type": "github",
          "url": "https://github.com/sponsors/feross"
        },
        {
          "type": "patreon",
          "url": "https://www.patreon.com/feross"
        },
        {
          "type": "consulting",
          "url": "https://feross.org/support"
        }
      ]
    },
    "node_modules/bcrypt": {
      "version": "5.1.0",
      "resolved": "https://registry.npmjs.org/bcrypt/-/bcrypt-5.1.0.tgz",
      "integrity": "sha512-RHBS7HI5N5tEnGTmtR/pppX0mmDSBpQ4aCBsj7CEQfYXDcO74A8sIBYcJMuCsis2E81zDxeENYhv66oZwLiA+Q==",
      "hasInstallScript": true,
      "dependencies": {
        "@mapbox/node-pre-gyp": "^1.0.10",
        "node-addon-api": "^5.0.0"
      },
      "engines": {
        "node": ">= 10.0.0"
      }
    },
    "node_modules/bignumber.js": {
      "version": "9.1.1",
      "resolved": "https://registry.npmjs.org/bignumber.js/-/bignumber.js-9.1.1.tgz",
      "integrity": "sha512-pHm4LsMJ6lzgNGVfZHjMoO8sdoRhOzOH4MLmY65Jg70bpxCKu5iOHNJyfF6OyvYw7t8Fpf35RuzUyqnQsj8Vig==",
      "engines": {
        "node": "*"
      }
    },
    "node_modules/binarysearch": {
      "version": "0.2.4",
      "resolved": "https://registry.npmjs.org/binarysearch/-/binarysearch-0.2.4.tgz",
      "integrity": "sha512-/ZA2QiXzOkRd7nxKFZryj3m3S2bED/q39TVowHdlpaVbgI7dUkP2cjFwgYRfAYSP4Q+qytzXHUFGxNgMdVUMcA=="
    },
    "node_modules/bl": {
      "version": "4.1.0",
      "resolved": "https://registry.npmjs.org/bl/-/bl-4.1.0.tgz",
      "integrity": "sha512-1W07cM9gS6DcLperZfFSj+bWLtaPGSOHWhPiGzXmvVJbRLdG82sH/Kn8EtW1VqWVA54AKf2h5k5BbnIbwF3h6w==",
      "dependencies": {
        "buffer": "^5.5.0",
        "inherits": "^2.0.4",
        "readable-stream": "^3.4.0"
      }
    },
    "node_modules/body-parser": {
      "version": "1.20.2",
      "resolved": "https://registry.npmjs.org/body-parser/-/body-parser-1.20.2.tgz",
      "integrity": "sha512-ml9pReCu3M61kGlqoTm2umSXTlRTuGTx0bfYj+uIUKKYycG5NtSbeetV3faSU6R7ajOPw0g/J1PvK4qNy7s5bA==",
      "dependencies": {
        "bytes": "3.1.2",
        "content-type": "~1.0.5",
        "debug": "2.6.9",
        "depd": "2.0.0",
        "destroy": "1.2.0",
        "http-errors": "2.0.0",
        "iconv-lite": "0.4.24",
        "on-finished": "2.4.1",
        "qs": "6.11.0",
        "raw-body": "2.5.2",
        "type-is": "~1.6.18",
        "unpipe": "1.0.0"
      },
      "engines": {
        "node": ">= 0.8",
        "npm": "1.2.8000 || >= 1.4.16"
      }
    },
    "node_modules/body-parser/node_modules/debug": {
      "version": "2.6.9",
      "resolved": "https://registry.npmjs.org/debug/-/debug-2.6.9.tgz",
      "integrity": "sha512-bC7ElrdJaJnPbAP+1EotYvqZsb3ecl5wi6Bfi6BJTUcNowp6cvspg0jXznRTKDjm/E7AdgFBVeAPVMNcKGsHMA==",
      "dependencies": {
        "ms": "2.0.0"
      }
    },
    "node_modules/body-parser/node_modules/ms": {
      "version": "2.0.0",
      "resolved": "https://registry.npmjs.org/ms/-/ms-2.0.0.tgz",
      "integrity": "sha512-Tpp60P6IUJDTuOq/5Z8cdskzJujfwqfOTkrwIwj7IRISpnkJnT6SyJ4PCPnGMoFjC9ddhal5KVIYtAt97ix05A=="
    },
    "node_modules/body-parser/node_modules/qs": {
      "version": "6.11.0",
      "resolved": "https://registry.npmjs.org/qs/-/qs-6.11.0.tgz",
      "integrity": "sha512-MvjoMCJwEarSbUYk5O+nmoSzSutSsTwF85zcHPQ9OrlFoZOYIjaqBAJIqIXjptyD5vThxGq52Xu/MaJzRkIk4Q==",
      "dependencies": {
        "side-channel": "^1.0.4"
      },
      "engines": {
        "node": ">=0.6"
      },
      "funding": {
        "url": "https://github.com/sponsors/ljharb"
      }
    },
    "node_modules/brace-expansion": {
      "version": "1.1.11",
      "resolved": "https://registry.npmjs.org/brace-expansion/-/brace-expansion-1.1.11.tgz",
      "integrity": "sha512-iCuPHDFgrHX7H2vEI/5xpz07zSHB00TpugqhmYtVmMO6518mCuRMoOYFldEBl0g187ufozdaHgWKcYFb61qGiA==",
      "dependencies": {
        "balanced-match": "^1.0.0",
        "concat-map": "0.0.1"
      }
    },
    "node_modules/bson": {
      "version": "5.4.0",
      "resolved": "https://registry.npmjs.org/bson/-/bson-5.4.0.tgz",
      "integrity": "sha512-WRZ5SQI5GfUuKnPTNmAYPiKIof3ORXAF4IRU5UcgmivNIon01rWQlw5RUH954dpu8yGL8T59YShVddIPaU/gFA==",
      "engines": {
        "node": ">=14.20.1"
      }
    },
    "node_modules/buffer": {
      "version": "5.7.1",
      "resolved": "https://registry.npmjs.org/buffer/-/buffer-5.7.1.tgz",
      "integrity": "sha512-EHcyIPBQ4BSGlvjB16k5KgAJ27CIsHY/2JBmCRReo48y9rQ3MaUzWX3KVlBa4U7MyX02HdVj0K7C3WaB3ju7FQ==",
      "funding": [
        {
          "type": "github",
          "url": "https://github.com/sponsors/feross"
        },
        {
          "type": "patreon",
          "url": "https://www.patreon.com/feross"
        },
        {
          "type": "consulting",
          "url": "https://feross.org/support"
        }
      ],
      "dependencies": {
        "base64-js": "^1.3.1",
        "ieee754": "^1.1.13"
      }
    },
    "node_modules/buffer-equal-constant-time": {
      "version": "1.0.1",
      "resolved": "https://registry.npmjs.org/buffer-equal-constant-time/-/buffer-equal-constant-time-1.0.1.tgz",
      "integrity": "sha512-zRpUiDwd/xk6ADqPMATG8vc9VPrkck7T07OIx0gnjmJAnHnTVXNQG3vfvWNuiZIkwu9KrKdA1iJKfsfTVxE6NA=="
    },
    "node_modules/buffer-from": {
      "version": "1.1.2",
      "resolved": "https://registry.npmjs.org/buffer-from/-/buffer-from-1.1.2.tgz",
      "integrity": "sha512-E+XQCRwSbaaiChtv6k6Dwgc+bx+Bs6vuKJHHl5kox/BaKbhiXzqQOwK4cO22yElGp2OCmjwVhT3HmxgyPGnJfQ=="
    },
    "node_modules/busboy": {
      "version": "1.6.0",
      "resolved": "https://registry.npmjs.org/busboy/-/busboy-1.6.0.tgz",
      "integrity": "sha512-8SFQbg/0hQ9xy3UNTB0YEnsNBbWfhf7RtnzpL7TkBiTBRfrQ9Fxcnz7VJsleJpyp6rVLvXiuORqjlHi5q+PYuA==",
      "dependencies": {
        "streamsearch": "^1.1.0"
      },
      "engines": {
        "node": ">=10.16.0"
      }
    },
    "node_modules/bytes": {
      "version": "3.1.2",
      "resolved": "https://registry.npmjs.org/bytes/-/bytes-3.1.2.tgz",
      "integrity": "sha512-/Nf7TyzTx6S3yRJObOAV7956r8cr2+Oj8AC5dt8wSP3BQAoeX58NoHyCU8P8zGkNXStjTSi6fzO6F0pBdcYbEg==",
      "engines": {
        "node": ">= 0.8"
      }
    },
    "node_modules/call-bind": {
      "version": "1.0.2",
      "resolved": "https://registry.npmjs.org/call-bind/-/call-bind-1.0.2.tgz",
      "integrity": "sha512-7O+FbCihrB5WGbFYesctwmTKae6rOiIzmz1icreWJ+0aA7LJfuqhEso2T9ncpcFtzMQtzXf2QGGueWJGTYsqrA==",
      "dependencies": {
        "function-bind": "^1.1.1",
        "get-intrinsic": "^1.0.2"
      },
      "funding": {
        "url": "https://github.com/sponsors/ljharb"
      }
    },
    "node_modules/chownr": {
      "version": "2.0.0",
      "resolved": "https://registry.npmjs.org/chownr/-/chownr-2.0.0.tgz",
      "integrity": "sha512-bIomtDF5KGpdogkLd9VspvFzk9KfpyyGlS8YFVZl7TGPBHL5snIOnxeshwVgPteQ9b4Eydl+pVbIyE1DcvCWgQ==",
      "engines": {
        "node": ">=10"
      }
    },
    "node_modules/color": {
      "version": "4.2.3",
      "resolved": "https://registry.npmjs.org/color/-/color-4.2.3.tgz",
      "integrity": "sha512-1rXeuUUiGGrykh+CeBdu5Ie7OJwinCgQY0bc7GCRxy5xVHy+moaqkpL/jqQq0MtQOeYcrqEz4abc5f0KtU7W4A==",
      "dependencies": {
        "color-convert": "^2.0.1",
        "color-string": "^1.9.0"
      },
      "engines": {
        "node": ">=12.5.0"
      }
    },
    "node_modules/color-convert": {
      "version": "2.0.1",
      "resolved": "https://registry.npmjs.org/color-convert/-/color-convert-2.0.1.tgz",
      "integrity": "sha512-RRECPsj7iu/xb5oKYcsFHSppFNnsj/52OVTRKb4zP5onXwVF3zVmmToNcOfGC+CRDpfK/U584fMg38ZHCaElKQ==",
      "dependencies": {
        "color-name": "~1.1.4"
      },
      "engines": {
        "node": ">=7.0.0"
      }
    },
    "node_modules/color-name": {
      "version": "1.1.4",
      "resolved": "https://registry.npmjs.org/color-name/-/color-name-1.1.4.tgz",
      "integrity": "sha512-dOy+3AuW3a2wNbZHIuMZpTcgjGuLU/uBL/ubcZF9OXbDo8ff4O8yVp5Bf0efS8uEoYo5q4Fx7dY9OgQGXgAsQA=="
    },
    "node_modules/color-string": {
      "version": "1.9.1",
      "resolved": "https://registry.npmjs.org/color-string/-/color-string-1.9.1.tgz",
      "integrity": "sha512-shrVawQFojnZv6xM40anx4CkoDP+fZsw/ZerEMsW/pyzsRbElpsL/DBVW7q3ExxwusdNXI3lXpuhEZkzs8p5Eg==",
      "dependencies": {
        "color-name": "^1.0.0",
        "simple-swizzle": "^0.2.2"
      }
    },
    "node_modules/color-support": {
      "version": "1.1.3",
      "resolved": "https://registry.npmjs.org/color-support/-/color-support-1.1.3.tgz",
      "integrity": "sha512-qiBjkpbMLO/HL68y+lh4q0/O1MZFj2RX6X/KmMa3+gJD3z+WwI1ZzDHysvqHGS3mP6mznPckpXmw1nI9cJjyRg==",
      "bin": {
        "color-support": "bin.js"
      }
    },
    "node_modules/concat-map": {
      "version": "0.0.1",
      "resolved": "https://registry.npmjs.org/concat-map/-/concat-map-0.0.1.tgz",
      "integrity": "sha512-/Srv4dswyQNBfohGpz9o6Yb3Gz3SrUDqBH5rTuhGR7ahtlbYKnVxw2bCFMRljaA7EXHaXZ8wsHdodFvbkhKmqg=="
    },
    "node_modules/concat-stream": {
      "version": "1.6.2",
      "resolved": "https://registry.npmjs.org/concat-stream/-/concat-stream-1.6.2.tgz",
      "integrity": "sha512-27HBghJxjiZtIk3Ycvn/4kbJk/1uZuJFfuPEns6LaEvpvG1f0hTea8lilrouyo9mVc2GWdcEZ8OLoGmSADlrCw==",
      "engines": [
        "node >= 0.8"
      ],
      "dependencies": {
        "buffer-from": "^1.0.0",
        "inherits": "^2.0.3",
        "readable-stream": "^2.2.2",
        "typedarray": "^0.0.6"
      }
    },
    "node_modules/concat-stream/node_modules/readable-stream": {
      "version": "2.3.8",
      "resolved": "https://registry.npmjs.org/readable-stream/-/readable-stream-2.3.8.tgz",
      "integrity": "sha512-8p0AUk4XODgIewSi0l8Epjs+EVnWiK7NoDIEGU0HhE7+ZyY8D1IMY7odu5lRrFXGg71L15KG8QrPmum45RTtdA==",
      "dependencies": {
        "core-util-is": "~1.0.0",
        "inherits": "~2.0.3",
        "isarray": "~1.0.0",
        "process-nextick-args": "~2.0.0",
        "safe-buffer": "~5.1.1",
        "string_decoder": "~1.1.1",
        "util-deprecate": "~1.0.1"
      }
    },
    "node_modules/concat-stream/node_modules/safe-buffer": {
      "version": "5.1.2",
      "resolved": "https://registry.npmjs.org/safe-buffer/-/safe-buffer-5.1.2.tgz",
      "integrity": "sha512-Gd2UZBJDkXlY7GbJxfsE8/nvKkUEU1G38c1siN6QP6a9PT9MmHB8GnpscSmMJSoF8LOIrt8ud/wPtojys4G6+g=="
    },
    "node_modules/concat-stream/node_modules/string_decoder": {
      "version": "1.1.1",
      "resolved": "https://registry.npmjs.org/string_decoder/-/string_decoder-1.1.1.tgz",
      "integrity": "sha512-n/ShnvDi6FHbbVfviro+WojiFzv+s8MPMHBczVePfUpDJLwoLT0ht1l4YwBCbi8pJAveEEdnkHyPyTP/mzRfwg==",
      "dependencies": {
        "safe-buffer": "~5.1.0"
      }
    },
    "node_modules/console-control-strings": {
      "version": "1.1.0",
      "resolved": "https://registry.npmjs.org/console-control-strings/-/console-control-strings-1.1.0.tgz",
      "integrity": "sha512-ty/fTekppD2fIwRvnZAVdeOiGd1c7YXEixbgJTNzqcxJWKQnjJ/V1bNEEE6hygpM3WjwHFUVK6HTjWSzV4a8sQ=="
    },
    "node_modules/content-disposition": {
      "version": "0.5.4",
      "resolved": "https://registry.npmjs.org/content-disposition/-/content-disposition-0.5.4.tgz",
      "integrity": "sha512-FveZTNuGw04cxlAiWbzi6zTAL/lhehaWbTtgluJh4/E95DqMwTmha3KZN1aAWA8cFIhHzMZUvLevkw5Rqk+tSQ==",
      "dependencies": {
        "safe-buffer": "5.2.1"
      },
      "engines": {
        "node": ">= 0.6"
      }
    },
    "node_modules/content-type": {
      "version": "1.0.5",
      "resolved": "https://registry.npmjs.org/content-type/-/content-type-1.0.5.tgz",
      "integrity": "sha512-nTjqfcBFEipKdXCv4YDQWCfmcLZKm81ldF0pAopTvyrFGVbcR6P/VAAd5G7N+0tTr8QqiU0tFadD6FK4NtJwOA==",
      "engines": {
        "node": ">= 0.6"
      }
    },
    "node_modules/cookie": {
      "version": "0.6.0",
      "resolved": "https://registry.npmjs.org/cookie/-/cookie-0.6.0.tgz",
      "integrity": "sha512-U71cyTamuh1CRNCfpGY6to28lxvNwPG4Guz/EVjgf3Jmzv0vlDp1atT9eS5dDjMYHucpHbWns6Lwf3BKz6svdw==",
      "engines": {
        "node": ">= 0.6"
      }
    },
    "node_modules/cookie-signature": {
      "version": "1.0.6",
      "resolved": "https://registry.npmjs.org/cookie-signature/-/cookie-signature-1.0.6.tgz",
      "integrity": "sha512-QADzlaHc8icV8I7vbaJXJwod9HWYp8uCqf1xa4OfNu1T7JVxQIrUgOWtHdNDtPiywmFbiS12VjotIXLrKM3orQ=="
    },
    "node_modules/core-util-is": {
      "version": "1.0.3",
      "resolved": "https://registry.npmjs.org/core-util-is/-/core-util-is-1.0.3.tgz",
      "integrity": "sha512-ZQBvi1DcpJ4GDqanjucZ2Hj3wEO5pZDS89BWbkcrvdxksJorwUDDZamX9ldFkp9aw2lmBDLgkObEA4DWNJ9FYQ=="
    },
    "node_modules/crypto": {
      "version": "1.0.1",
      "resolved": "https://registry.npmjs.org/crypto/-/crypto-1.0.1.tgz",
      "integrity": "sha512-VxBKmeNcqQdiUQUW2Tzq0t377b54N2bMtXO/qiLa+6eRRmmC4qT3D4OnTGoT/U6O9aklQ/jTwbOtRMTTY8G0Ig==",
      "deprecated": "This package is no longer supported. It's now a built-in Node module. If you've depended on crypto, you should switch to the one that's built-in."
    },
    "node_modules/damerau-levenshtein": {
      "version": "1.0.8",
      "resolved": "https://registry.npmjs.org/damerau-levenshtein/-/damerau-levenshtein-1.0.8.tgz",
      "integrity": "sha512-sdQSFB7+llfUcQHUQO3+B8ERRj0Oa4w9POWMI/puGtuf7gFywGmkaLCElnudfTiKZV+NvHqL0ifzdrI8Ro7ESA=="
    },
    "node_modules/debug": {
      "version": "4.3.4",
      "resolved": "https://registry.npmjs.org/debug/-/debug-4.3.4.tgz",
      "integrity": "sha512-PRWFHuSU3eDtQJPvnNY7Jcket1j0t5OuOsFzPPzsekD52Zl8qUfFIPEiswXqIvHWGVHOgX+7G/vCNNhehwxfkQ==",
      "dependencies": {
        "ms": "2.1.2"
      },
      "engines": {
        "node": ">=6.0"
      },
      "peerDependenciesMeta": {
        "supports-color": {
          "optional": true
        }
      }
    },
    "node_modules/debug/node_modules/ms": {
      "version": "2.1.2",
      "resolved": "https://registry.npmjs.org/ms/-/ms-2.1.2.tgz",
      "integrity": "sha512-sGkPx+VjMtmA6MX27oA4FBFELFCZZ4S4XqeGOXCv68tT+jb3vk/RyaKWP0PTKyWtmLSM0b+adUTEvbs1PEaH2w=="
    },
    "node_modules/decompress-response": {
      "version": "6.0.0",
      "resolved": "https://registry.npmjs.org/decompress-response/-/decompress-response-6.0.0.tgz",
      "integrity": "sha512-aW35yZM6Bb/4oJlZncMH2LCoZtJXTRxES17vE3hoRiowU2kWHaJKFkSBDnDR+cm9J+9QhXmREyIfv0pji9ejCQ==",
      "dependencies": {
        "mimic-response": "^3.1.0"
      },
      "engines": {
        "node": ">=10"
      },
      "funding": {
        "url": "https://github.com/sponsors/sindresorhus"
      }
    },
    "node_modules/deep-extend": {
      "version": "0.6.0",
      "resolved": "https://registry.npmjs.org/deep-extend/-/deep-extend-0.6.0.tgz",
      "integrity": "sha512-LOHxIOaPYdHlJRtCQfDIVZtfw/ufM8+rVj649RIHzcm/vGwQRXFt6OPqIFWsm2XEMrNIEtWR64sY1LEKD2vAOA==",
      "engines": {
        "node": ">=4.0.0"
      }
    },
    "node_modules/delegates": {
      "version": "1.0.0",
      "resolved": "https://registry.npmjs.org/delegates/-/delegates-1.0.0.tgz",
      "integrity": "sha512-bd2L678uiWATM6m5Z1VzNCErI3jiGzt6HGY8OVICs40JQq/HALfbyNJmp0UDakEY4pMMaN0Ly5om/B1VI/+xfQ=="
    },
    "node_modules/depd": {
      "version": "2.0.0",
      "resolved": "https://registry.npmjs.org/depd/-/depd-2.0.0.tgz",
      "integrity": "sha512-g7nH6P6dyDioJogAAGprGpCtVImJhpPk/roCzdb3fIh61/s/nPsfR6onyMwkCAR/OlC3yBC0lESvUoQEAssIrw==",
      "engines": {
        "node": ">= 0.8"
      }
    },
    "node_modules/destroy": {
      "version": "1.2.0",
      "resolved": "https://registry.npmjs.org/destroy/-/destroy-1.2.0.tgz",
      "integrity": "sha512-2sJGJTaXIIaR1w4iJSNoN0hnMY7Gpc/n8D4qSCJw8QqFWXf7cuAgnEHxBpweaVcPevC2l3KpjYCx3NypQQgaJg==",
      "engines": {
        "node": ">= 0.8",
        "npm": "1.2.8000 || >= 1.4.16"
      }
    },
    "node_modules/detect-libc": {
      "version": "2.0.2",
      "resolved": "https://registry.npmjs.org/detect-libc/-/detect-libc-2.0.2.tgz",
      "integrity": "sha512-UX6sGumvvqSaXgdKGUsgZWqcUyIXZ/vZTrlRT/iobiKhGL0zL4d3osHj3uqllWJK+i+sixDS/3COVEOFbupFyw==",
      "engines": {
        "node": ">=8"
      }
    },
    "node_modules/dotenv": {
      "version": "16.3.1",
      "resolved": "https://registry.npmjs.org/dotenv/-/dotenv-16.3.1.tgz",
      "integrity": "sha512-IPzF4w4/Rd94bA9imS68tZBaYyBWSCE47V1RGuMrB94iyTOIEwRmVL2x/4An+6mETpLrKJ5hQkB8W4kFAadeIQ==",
      "engines": {
        "node": ">=12"
      },
      "funding": {
        "url": "https://github.com/motdotla/dotenv?sponsor=1"
      }
    },
    "node_modules/ecdsa-sig-formatter": {
      "version": "1.0.11",
      "resolved": "https://registry.npmjs.org/ecdsa-sig-formatter/-/ecdsa-sig-formatter-1.0.11.tgz",
      "integrity": "sha512-nagl3RYrbNv6kQkeJIpt6NJZy8twLB/2vtz6yN9Z4vRKHN4/QZJIEbqohALSgwKdnksuY3k5Addp5lg8sVoVcQ==",
      "dependencies": {
        "safe-buffer": "^5.0.1"
      }
    },
    "node_modules/ee-first": {
      "version": "1.1.1",
      "resolved": "https://registry.npmjs.org/ee-first/-/ee-first-1.1.1.tgz",
      "integrity": "sha512-WMwm9LhRUo+WUaRN+vRuETqG89IgZphVSNkdFgeb6sS/E4OrDIN7t48CAewSHXc6C8lefD8KKfr5vY61brQlow=="
    },
    "node_modules/emoji-regex": {
      "version": "8.0.0",
      "resolved": "https://registry.npmjs.org/emoji-regex/-/emoji-regex-8.0.0.tgz",
      "integrity": "sha512-MSjYzcWNOA0ewAHpz0MxpYFvwg6yjy1NG3xteoqz644VCo/RPgnr1/GGt+ic3iJTzQ8Eu3TdM14SawnVUmGE6A=="
    },
    "node_modules/encodeurl": {
      "version": "1.0.2",
      "resolved": "https://registry.npmjs.org/encodeurl/-/encodeurl-1.0.2.tgz",
      "integrity": "sha512-TPJXq8JqFaVYm2CWmPvnP2Iyo4ZSM7/QKcSmuMLDObfpH5fi7RUGmd/rTDf+rut/saiDiQEeVTNgAmJEdAOx0w==",
      "engines": {
        "node": ">= 0.8"
      }
    },
    "node_modules/end-of-stream": {
      "version": "1.4.4",
      "resolved": "https://registry.npmjs.org/end-of-stream/-/end-of-stream-1.4.4.tgz",
      "integrity": "sha512-+uw1inIHVPQoaVuHzRyXd21icM+cnt4CzD5rW+NC1wjOUSTOs+Te7FOv7AhN7vS9x/oIyhLP5PR1H+phQAHu5Q==",
      "dependencies": {
        "once": "^1.4.0"
      }
    },
    "node_modules/escape-html": {
      "version": "1.0.3",
      "resolved": "https://registry.npmjs.org/escape-html/-/escape-html-1.0.3.tgz",
      "integrity": "sha512-NiSupZ4OeuGwr68lGIeym/ksIZMJodUGOSCZ/FSnTxcrekbvqrgdUxlJOMpijaKZVjAJrWrGs/6Jy8OMuyj9ow=="
    },
    "node_modules/etag": {
      "version": "1.8.1",
      "resolved": "https://registry.npmjs.org/etag/-/etag-1.8.1.tgz",
      "integrity": "sha512-aIL5Fx7mawVa300al2BnEE4iNvo1qETxLrPI/o05L7z6go7fCw1J6EQmbK4FmJ2AS7kgVF/KEZWufBfdClMcPg==",
      "engines": {
        "node": ">= 0.6"
      }
    },
    "node_modules/expand-template": {
      "version": "2.0.3",
      "resolved": "https://registry.npmjs.org/expand-template/-/expand-template-2.0.3.tgz",
      "integrity": "sha512-XYfuKMvj4O35f/pOXLObndIRvyQ+/+6AhODh+OKWj9S9498pHHn/IMszH+gt0fBCRWMNfk1ZSp5x3AifmnI2vg==",
      "engines": {
        "node": ">=6"
      }
    },
    "node_modules/express": {
      "version": "4.19.1",
      "resolved": "https://registry.npmjs.org/express/-/express-4.19.1.tgz",
      "integrity": "sha512-K4w1/Bp7y8iSiVObmCrtq8Cs79XjJc/RU2YYkZQ7wpUu5ZyZ7MtPHkqoMz4pf+mgXfNvo2qft8D9OnrH2ABk9w==",
      "dependencies": {
        "accepts": "~1.3.8",
        "array-flatten": "1.1.1",
        "body-parser": "1.20.2",
        "content-disposition": "0.5.4",
        "content-type": "~1.0.4",
        "cookie": "0.6.0",
        "cookie-signature": "1.0.6",
        "debug": "2.6.9",
        "depd": "2.0.0",
        "encodeurl": "~1.0.2",
        "escape-html": "~1.0.3",
        "etag": "~1.8.1",
        "finalhandler": "1.2.0",
        "fresh": "0.5.2",
        "http-errors": "2.0.0",
        "merge-descriptors": "1.0.1",
        "methods": "~1.1.2",
        "on-finished": "2.4.1",
        "parseurl": "~1.3.3",
        "path-to-regexp": "0.1.7",
        "proxy-addr": "~2.0.7",
        "qs": "6.11.0",
        "range-parser": "~1.2.1",
        "safe-buffer": "5.2.1",
        "send": "0.18.0",
        "serve-static": "1.15.0",
        "setprototypeof": "1.2.0",
        "statuses": "2.0.1",
        "type-is": "~1.6.18",
        "utils-merge": "1.0.1",
        "vary": "~1.1.2"
      },
      "engines": {
        "node": ">= 0.10.0"
      }
    },
    "node_modules/express/node_modules/debug": {
      "version": "2.6.9",
      "resolved": "https://registry.npmjs.org/debug/-/debug-2.6.9.tgz",
      "integrity": "sha512-bC7ElrdJaJnPbAP+1EotYvqZsb3ecl5wi6Bfi6BJTUcNowp6cvspg0jXznRTKDjm/E7AdgFBVeAPVMNcKGsHMA==",
      "dependencies": {
        "ms": "2.0.0"
      }
    },
    "node_modules/express/node_modules/ms": {
      "version": "2.0.0",
      "resolved": "https://registry.npmjs.org/ms/-/ms-2.0.0.tgz",
      "integrity": "sha512-Tpp60P6IUJDTuOq/5Z8cdskzJujfwqfOTkrwIwj7IRISpnkJnT6SyJ4PCPnGMoFjC9ddhal5KVIYtAt97ix05A=="
    },
    "node_modules/express/node_modules/qs": {
      "version": "6.11.0",
      "resolved": "https://registry.npmjs.org/qs/-/qs-6.11.0.tgz",
      "integrity": "sha512-MvjoMCJwEarSbUYk5O+nmoSzSutSsTwF85zcHPQ9OrlFoZOYIjaqBAJIqIXjptyD5vThxGq52Xu/MaJzRkIk4Q==",
      "dependencies": {
        "side-channel": "^1.0.4"
      },
      "engines": {
        "node": ">=0.6"
      },
      "funding": {
        "url": "https://github.com/sponsors/ljharb"
      }
    },
    "node_modules/extend": {
      "version": "3.0.2",
      "resolved": "https://registry.npmjs.org/extend/-/extend-3.0.2.tgz",
      "integrity": "sha512-fjquC59cD7CyW6urNXK0FBufkZcoiGG80wTuPujX590cB5Ttln20E2UB4S/WARVqhXffZl2LNgS+gQdPIIim/g=="
    },
    "node_modules/fast-fifo": {
      "version": "1.3.0",
      "resolved": "https://registry.npmjs.org/fast-fifo/-/fast-fifo-1.3.0.tgz",
      "integrity": "sha512-IgfweLvEpwyA4WgiQe9Nx6VV2QkML2NkvZnk1oKnIzXgXdWxuhF7zw4DvLTPZJn6PIUneiAXPF24QmoEqHTjyw=="
    },
    "node_modules/fast-text-encoding": {
      "version": "1.0.6",
      "resolved": "https://registry.npmjs.org/fast-text-encoding/-/fast-text-encoding-1.0.6.tgz",
      "integrity": "sha512-VhXlQgj9ioXCqGstD37E/HBeqEGV/qOD/kmbVG8h5xKBYvM1L3lR1Zn4555cQ8GkYbJa8aJSipLPndE1k6zK2w=="
    },
    "node_modules/finalhandler": {
      "version": "1.2.0",
      "resolved": "https://registry.npmjs.org/finalhandler/-/finalhandler-1.2.0.tgz",
      "integrity": "sha512-5uXcUVftlQMFnWC9qu/svkWv3GTd2PfUhK/3PLkYNAe7FbqJMt3515HaxE6eRL74GdsriiwujiawdaB1BpEISg==",
      "dependencies": {
        "debug": "2.6.9",
        "encodeurl": "~1.0.2",
        "escape-html": "~1.0.3",
        "on-finished": "2.4.1",
        "parseurl": "~1.3.3",
        "statuses": "2.0.1",
        "unpipe": "~1.0.0"
      },
      "engines": {
        "node": ">= 0.8"
      }
    },
    "node_modules/finalhandler/node_modules/debug": {
      "version": "2.6.9",
      "resolved": "https://registry.npmjs.org/debug/-/debug-2.6.9.tgz",
      "integrity": "sha512-bC7ElrdJaJnPbAP+1EotYvqZsb3ecl5wi6Bfi6BJTUcNowp6cvspg0jXznRTKDjm/E7AdgFBVeAPVMNcKGsHMA==",
      "dependencies": {
        "ms": "2.0.0"
      }
    },
    "node_modules/finalhandler/node_modules/ms": {
      "version": "2.0.0",
      "resolved": "https://registry.npmjs.org/ms/-/ms-2.0.0.tgz",
      "integrity": "sha512-Tpp60P6IUJDTuOq/5Z8cdskzJujfwqfOTkrwIwj7IRISpnkJnT6SyJ4PCPnGMoFjC9ddhal5KVIYtAt97ix05A=="
    },
    "node_modules/forwarded": {
      "version": "0.2.0",
      "resolved": "https://registry.npmjs.org/forwarded/-/forwarded-0.2.0.tgz",
      "integrity": "sha512-buRG0fpBtRHSTCOASe6hD258tEubFoRLb4ZNA6NxMVHNw2gOcwHo9wyablzMzOA5z9xA9L1KNjk/Nt6MT9aYow==",
      "engines": {
        "node": ">= 0.6"
      }
    },
    "node_modules/fresh": {
      "version": "0.5.2",
      "resolved": "https://registry.npmjs.org/fresh/-/fresh-0.5.2.tgz",
      "integrity": "sha512-zJ2mQYM18rEFOudeV4GShTGIQ7RbzA7ozbU9I/XBpm7kqgMywgmylMwXHxZJmkVoYkna9d2pVXVXPdYTP9ej8Q==",
      "engines": {
        "node": ">= 0.6"
      }
    },
    "node_modules/fs-constants": {
      "version": "1.0.0",
      "resolved": "https://registry.npmjs.org/fs-constants/-/fs-constants-1.0.0.tgz",
      "integrity": "sha512-y6OAwoSIf7FyjMIv94u+b5rdheZEjzR63GTyZJm5qh4Bi+2YgwLCcI/fPFZkL5PSixOt6ZNKm+w+Hfp/Bciwow=="
    },
    "node_modules/fs-minipass": {
      "version": "2.1.0",
      "resolved": "https://registry.npmjs.org/fs-minipass/-/fs-minipass-2.1.0.tgz",
      "integrity": "sha512-V/JgOLFCS+R6Vcq0slCuaeWEdNC3ouDlJMNIsacH2VtALiu9mV4LPrHc5cDl8k5aw6J8jwgWWpiTo5RYhmIzvg==",
      "dependencies": {
        "minipass": "^3.0.0"
      },
      "engines": {
        "node": ">= 8"
      }
    },
    "node_modules/fs-minipass/node_modules/minipass": {
      "version": "3.3.6",
      "resolved": "https://registry.npmjs.org/minipass/-/minipass-3.3.6.tgz",
      "integrity": "sha512-DxiNidxSEK+tHG6zOIklvNOwm3hvCrbUrdtzY74U6HKTJxvIDfOUL5W5P2Ghd3DTkhhKPYGqeNUIh5qcM4YBfw==",
      "dependencies": {
        "yallist": "^4.0.0"
      },
      "engines": {
        "node": ">=8"
      }
    },
    "node_modules/fs.realpath": {
      "version": "1.0.0",
      "resolved": "https://registry.npmjs.org/fs.realpath/-/fs.realpath-1.0.0.tgz",
      "integrity": "sha512-OO0pH2lK6a0hZnAdau5ItzHPI6pUlvI7jMVnxUQRtw4owF2wk8lOSabtGDCTP4Ggrg2MbGnWO9X8K1t4+fGMDw=="
    },
    "node_modules/function-bind": {
      "version": "1.1.1",
      "resolved": "https://registry.npmjs.org/function-bind/-/function-bind-1.1.1.tgz",
      "integrity": "sha512-yIovAzMX49sF8Yl58fSCWJ5svSLuaibPxXQJFLmBObTuCr0Mf1KiPopGM9NiFjiYBCbfaa2Fh6breQ6ANVTI0A=="
    },
    "node_modules/gauge": {
      "version": "3.0.2",
      "resolved": "https://registry.npmjs.org/gauge/-/gauge-3.0.2.tgz",
      "integrity": "sha512-+5J6MS/5XksCuXq++uFRsnUd7Ovu1XenbeuIuNRJxYWjgQbPuFhT14lAvsWfqfAmnwluf1OwMjz39HjfLPci0Q==",
      "dependencies": {
        "aproba": "^1.0.3 || ^2.0.0",
        "color-support": "^1.1.2",
        "console-control-strings": "^1.0.0",
        "has-unicode": "^2.0.1",
        "object-assign": "^4.1.1",
        "signal-exit": "^3.0.0",
        "string-width": "^4.2.3",
        "strip-ansi": "^6.0.1",
        "wide-align": "^1.1.2"
      },
      "engines": {
        "node": ">=10"
      }
    },
    "node_modules/gaxios": {
      "version": "5.1.3",
      "resolved": "https://registry.npmjs.org/gaxios/-/gaxios-5.1.3.tgz",
      "integrity": "sha512-95hVgBRgEIRQQQHIbnxBXeHbW4TqFk4ZDJW7wmVtvYar72FdhRIo1UGOLS2eRAKCPEdPBWu+M7+A33D9CdX9rA==",
      "dependencies": {
        "extend": "^3.0.2",
        "https-proxy-agent": "^5.0.0",
        "is-stream": "^2.0.0",
        "node-fetch": "^2.6.9"
      },
      "engines": {
        "node": ">=12"
      }
    },
    "node_modules/gcp-metadata": {
      "version": "5.3.0",
      "resolved": "https://registry.npmjs.org/gcp-metadata/-/gcp-metadata-5.3.0.tgz",
      "integrity": "sha512-FNTkdNEnBdlqF2oatizolQqNANMrcqJt6AAYt99B3y1aLLC8Hc5IOBb+ZnnzllodEEf6xMBp6wRcBbc16fa65w==",
      "dependencies": {
        "gaxios": "^5.0.0",
        "json-bigint": "^1.0.0"
      },
      "engines": {
        "node": ">=12"
      }
    },
    "node_modules/get-intrinsic": {
      "version": "1.2.1",
      "resolved": "https://registry.npmjs.org/get-intrinsic/-/get-intrinsic-1.2.1.tgz",
      "integrity": "sha512-2DcsyfABl+gVHEfCOaTrWgyt+tb6MSEGmKq+kI5HwLbIYgjgmMcV8KQ41uaKz1xxUcn9tJtgFbQUEVcEbd0FYw==",
      "dependencies": {
        "function-bind": "^1.1.1",
        "has": "^1.0.3",
        "has-proto": "^1.0.1",
        "has-symbols": "^1.0.3"
      },
      "funding": {
        "url": "https://github.com/sponsors/ljharb"
      }
    },
    "node_modules/github-from-package": {
      "version": "0.0.0",
      "resolved": "https://registry.npmjs.org/github-from-package/-/github-from-package-0.0.0.tgz",
      "integrity": "sha512-SyHy3T1v2NUXn29OsWdxmK6RwHD+vkj3v8en8AOBZ1wBQ/hCAQ5bAQTD02kW4W9tUp/3Qh6J8r9EvntiyCmOOw=="
    },
    "node_modules/glob": {
      "version": "7.2.3",
      "resolved": "https://registry.npmjs.org/glob/-/glob-7.2.3.tgz",
      "integrity": "sha512-nFR0zLpU2YCaRxwoCJvL6UvCH2JFyFVIvwTLsIf21AuHlMskA1hhTdk+LlYJtOlYt9v6dvszD2BGRqBL+iQK9Q==",
      "dependencies": {
        "fs.realpath": "^1.0.0",
        "inflight": "^1.0.4",
        "inherits": "2",
        "minimatch": "^3.1.1",
        "once": "^1.3.0",
        "path-is-absolute": "^1.0.0"
      },
      "engines": {
        "node": "*"
      },
      "funding": {
        "url": "https://github.com/sponsors/isaacs"
      }
    },
    "node_modules/google-auth-library": {
      "version": "8.9.0",
      "resolved": "https://registry.npmjs.org/google-auth-library/-/google-auth-library-8.9.0.tgz",
      "integrity": "sha512-f7aQCJODJFmYWN6PeNKzgvy9LI2tYmXnzpNDHEjG5sDNPgGb2FXQyTBnXeSH+PAtpKESFD+LmHw3Ox3mN7e1Fg==",
      "dependencies": {
        "arrify": "^2.0.0",
        "base64-js": "^1.3.0",
        "ecdsa-sig-formatter": "^1.0.11",
        "fast-text-encoding": "^1.0.0",
        "gaxios": "^5.0.0",
        "gcp-metadata": "^5.3.0",
        "gtoken": "^6.1.0",
        "jws": "^4.0.0",
        "lru-cache": "^6.0.0"
      },
      "engines": {
        "node": ">=12"
      }
    },
    "node_modules/google-auth-library/node_modules/jwa": {
      "version": "2.0.0",
      "resolved": "https://registry.npmjs.org/jwa/-/jwa-2.0.0.tgz",
      "integrity": "sha512-jrZ2Qx916EA+fq9cEAeCROWPTfCwi1IVHqT2tapuqLEVVDKFDENFw1oL+MwrTvH6msKxsd1YTDVw6uKEcsrLEA==",
      "dependencies": {
        "buffer-equal-constant-time": "1.0.1",
        "ecdsa-sig-formatter": "1.0.11",
        "safe-buffer": "^5.0.1"
      }
    },
    "node_modules/google-auth-library/node_modules/jws": {
      "version": "4.0.0",
      "resolved": "https://registry.npmjs.org/jws/-/jws-4.0.0.tgz",
      "integrity": "sha512-KDncfTmOZoOMTFG4mBlG0qUIOlc03fmzH+ru6RgYVZhPkyiy/92Owlt/8UEN+a4TXR1FQetfIpJE8ApdvdVxTg==",
      "dependencies": {
        "jwa": "^2.0.0",
        "safe-buffer": "^5.0.1"
      }
    },
    "node_modules/google-p12-pem": {
      "version": "4.0.1",
      "resolved": "https://registry.npmjs.org/google-p12-pem/-/google-p12-pem-4.0.1.tgz",
      "integrity": "sha512-WPkN4yGtz05WZ5EhtlxNDWPhC4JIic6G8ePitwUWy4l+XPVYec+a0j0Ts47PDtW59y3RwAhUd9/h9ZZ63px6RQ==",
      "dependencies": {
        "node-forge": "^1.3.1"
      },
      "bin": {
        "gp12-pem": "build/src/bin/gp12-pem.js"
      },
      "engines": {
        "node": ">=12.0.0"
      }
    },
    "node_modules/googleapis": {
      "version": "122.0.0",
      "resolved": "https://registry.npmjs.org/googleapis/-/googleapis-122.0.0.tgz",
      "integrity": "sha512-n8Gt7j9LzSkhQEGPOrcLBKxllTvW/0v6oILuwszL/zqgelNsGJYXVqPJllgJJ6RM7maJ6T35UBeYqI6GQ/IlJg==",
      "dependencies": {
        "google-auth-library": "^8.0.2",
        "googleapis-common": "^6.0.0"
      },
      "engines": {
        "node": ">=12.0.0"
      }
    },
    "node_modules/googleapis-common": {
      "version": "6.0.4",
      "resolved": "https://registry.npmjs.org/googleapis-common/-/googleapis-common-6.0.4.tgz",
      "integrity": "sha512-m4ErxGE8unR1z0VajT6AYk3s6a9gIMM6EkDZfkPnES8joeOlEtFEJeF8IyZkb0tjPXkktUfYrE4b3Li1DNyOwA==",
      "dependencies": {
        "extend": "^3.0.2",
        "gaxios": "^5.0.1",
        "google-auth-library": "^8.0.2",
        "qs": "^6.7.0",
        "url-template": "^2.0.8",
        "uuid": "^9.0.0"
      },
      "engines": {
        "node": ">=12.0.0"
      }
    },
    "node_modules/gtoken": {
      "version": "6.1.2",
      "resolved": "https://registry.npmjs.org/gtoken/-/gtoken-6.1.2.tgz",
      "integrity": "sha512-4ccGpzz7YAr7lxrT2neugmXQ3hP9ho2gcaityLVkiUecAiwiy60Ii8gRbZeOsXV19fYaRjgBSshs8kXw+NKCPQ==",
      "dependencies": {
        "gaxios": "^5.0.1",
        "google-p12-pem": "^4.0.0",
        "jws": "^4.0.0"
      },
      "engines": {
        "node": ">=12.0.0"
      }
    },
    "node_modules/gtoken/node_modules/jwa": {
      "version": "2.0.0",
      "resolved": "https://registry.npmjs.org/jwa/-/jwa-2.0.0.tgz",
      "integrity": "sha512-jrZ2Qx916EA+fq9cEAeCROWPTfCwi1IVHqT2tapuqLEVVDKFDENFw1oL+MwrTvH6msKxsd1YTDVw6uKEcsrLEA==",
      "dependencies": {
        "buffer-equal-constant-time": "1.0.1",
        "ecdsa-sig-formatter": "1.0.11",
        "safe-buffer": "^5.0.1"
      }
    },
    "node_modules/gtoken/node_modules/jws": {
      "version": "4.0.0",
      "resolved": "https://registry.npmjs.org/jws/-/jws-4.0.0.tgz",
      "integrity": "sha512-KDncfTmOZoOMTFG4mBlG0qUIOlc03fmzH+ru6RgYVZhPkyiy/92Owlt/8UEN+a4TXR1FQetfIpJE8ApdvdVxTg==",
      "dependencies": {
        "jwa": "^2.0.0",
        "safe-buffer": "^5.0.1"
      }
    },
    "node_modules/has": {
      "version": "1.0.3",
      "resolved": "https://registry.npmjs.org/has/-/has-1.0.3.tgz",
      "integrity": "sha512-f2dvO0VU6Oej7RkWJGrehjbzMAjFp5/VKPp5tTpWIV4JHHZK1/BxbFRtf/siA2SWTe09caDmVtYYzWEIbBS4zw==",
      "dependencies": {
        "function-bind": "^1.1.1"
      },
      "engines": {
        "node": ">= 0.4.0"
      }
    },
    "node_modules/has-proto": {
      "version": "1.0.1",
      "resolved": "https://registry.npmjs.org/has-proto/-/has-proto-1.0.1.tgz",
      "integrity": "sha512-7qE+iP+O+bgF9clE5+UoBFzE65mlBiVj3tKCrlNQ0Ogwm0BjpT/gK4SlLYDMybDh5I3TCTKnPPa0oMG7JDYrhg==",
      "engines": {
        "node": ">= 0.4"
      },
      "funding": {
        "url": "https://github.com/sponsors/ljharb"
      }
    },
    "node_modules/has-symbols": {
      "version": "1.0.3",
      "resolved": "https://registry.npmjs.org/has-symbols/-/has-symbols-1.0.3.tgz",
      "integrity": "sha512-l3LCuF6MgDNwTDKkdYGEihYjt5pRPbEg46rtlmnSPlUbgmB8LOIrKJbYYFBSbnPaJexMKtiPO8hmeRjRz2Td+A==",
      "engines": {
        "node": ">= 0.4"
      },
      "funding": {
        "url": "https://github.com/sponsors/ljharb"
      }
    },
    "node_modules/has-unicode": {
      "version": "2.0.1",
      "resolved": "https://registry.npmjs.org/has-unicode/-/has-unicode-2.0.1.tgz",
      "integrity": "sha512-8Rf9Y83NBReMnx0gFzA8JImQACstCYWUplepDa9xprwwtmgEZUF0h/i5xSA625zB/I37EtrswSST6OXxwaaIJQ=="
    },
    "node_modules/http-errors": {
      "version": "2.0.0",
      "resolved": "https://registry.npmjs.org/http-errors/-/http-errors-2.0.0.tgz",
      "integrity": "sha512-FtwrG/euBzaEjYeRqOgly7G0qviiXoJWnvEH2Z1plBdXgbyjv34pHTSb9zoeHMyDy33+DWy5Wt9Wo+TURtOYSQ==",
      "dependencies": {
        "depd": "2.0.0",
        "inherits": "2.0.4",
        "setprototypeof": "1.2.0",
        "statuses": "2.0.1",
        "toidentifier": "1.0.1"
      },
      "engines": {
        "node": ">= 0.8"
      }
    },
    "node_modules/https-proxy-agent": {
      "version": "5.0.1",
      "resolved": "https://registry.npmjs.org/https-proxy-agent/-/https-proxy-agent-5.0.1.tgz",
      "integrity": "sha512-dFcAjpTQFgoLMzC2VwU+C/CbS7uRL0lWmxDITmqm7C+7F0Odmj6s9l6alZc6AELXhrnggM2CeWSXHGOdX2YtwA==",
      "dependencies": {
        "agent-base": "6",
        "debug": "4"
      },
      "engines": {
        "node": ">= 6"
      }
    },
    "node_modules/iconv-lite": {
      "version": "0.4.24",
      "resolved": "https://registry.npmjs.org/iconv-lite/-/iconv-lite-0.4.24.tgz",
      "integrity": "sha512-v3MXnZAcvnywkTUEZomIActle7RXXeedOR31wwl7VlyoXO4Qi9arvSenNQWne1TcRwhCL1HwLI21bEqdpj8/rA==",
      "dependencies": {
        "safer-buffer": ">= 2.1.2 < 3"
      },
      "engines": {
        "node": ">=0.10.0"
      }
    },
    "node_modules/ieee754": {
      "version": "1.2.1",
      "resolved": "https://registry.npmjs.org/ieee754/-/ieee754-1.2.1.tgz",
      "integrity": "sha512-dcyqhDvX1C46lXZcVqCpK+FtMRQVdIMN6/Df5js2zouUsqG7I6sFxitIC+7KYK29KdXOLHdu9zL4sFnoVQnqaA==",
      "funding": [
        {
          "type": "github",
          "url": "https://github.com/sponsors/feross"
        },
        {
          "type": "patreon",
          "url": "https://www.patreon.com/feross"
        },
        {
          "type": "consulting",
          "url": "https://feross.org/support"
        }
      ]
    },
    "node_modules/inflight": {
      "version": "1.0.6",
      "resolved": "https://registry.npmjs.org/inflight/-/inflight-1.0.6.tgz",
      "integrity": "sha512-k92I/b08q4wvFscXCLvqfsHCrjrF7yiXsQuIVvVE7N82W3+aqpzuUdBbfhWcy/FZR3/4IgflMgKLOsvPDrGCJA==",
      "dependencies": {
        "once": "^1.3.0",
        "wrappy": "1"
      }
    },
    "node_modules/inherits": {
      "version": "2.0.4",
      "resolved": "https://registry.npmjs.org/inherits/-/inherits-2.0.4.tgz",
      "integrity": "sha512-k/vGaX4/Yla3WzyMCvTQOXYeIHvqOKtnqBduzTHpzpQZzAskKMhZ2K+EnBiSM9zGSoIFeMpXKxa4dYeZIQqewQ=="
    },
    "node_modules/ini": {
      "version": "1.3.8",
      "resolved": "https://registry.npmjs.org/ini/-/ini-1.3.8.tgz",
      "integrity": "sha512-JV/yugV2uzW5iMRSiZAyDtQd+nxtUnjeLt0acNdw98kKLrvuRVyB80tsREOE7yvGVgalhZ6RNXCmEHkUKBKxew=="
    },
    "node_modules/ip": {
      "version": "2.0.0",
      "resolved": "https://registry.npmjs.org/ip/-/ip-2.0.0.tgz",
      "integrity": "sha512-WKa+XuLG1A1R0UWhl2+1XQSi+fZWMsYKffMZTTYsiZaUD8k2yDAj5atimTUD2TZkyCkNEeYE5NhFZmupOGtjYQ=="
    },
    "node_modules/ipaddr.js": {
      "version": "1.9.1",
      "resolved": "https://registry.npmjs.org/ipaddr.js/-/ipaddr.js-1.9.1.tgz",
      "integrity": "sha512-0KI/607xoxSToH7GjN1FfSbLoU0+btTicjsQSWQlh/hZykN8KpmMf7uYwPW3R+akZ6R/w18ZlXSHBYXiYUPO3g==",
      "engines": {
        "node": ">= 0.10"
      }
    },
    "node_modules/is-arrayish": {
      "version": "0.3.2",
      "resolved": "https://registry.npmjs.org/is-arrayish/-/is-arrayish-0.3.2.tgz",
      "integrity": "sha512-eVRqCvVlZbuw3GrM63ovNSNAeA1K16kaR/LRY/92w0zxQ5/1YzwblUX652i4Xs9RwAGjW9d9y6X88t8OaAJfWQ=="
    },
    "node_modules/is-fullwidth-code-point": {
      "version": "3.0.0",
      "resolved": "https://registry.npmjs.org/is-fullwidth-code-point/-/is-fullwidth-code-point-3.0.0.tgz",
      "integrity": "sha512-zymm5+u+sCsSWyD9qNaejV3DFvhCKclKdizYaJUuHA83RLjb7nSuGnddCHGv0hk+KY7BMAlsWeK4Ueg6EV6XQg==",
      "engines": {
        "node": ">=8"
      }
    },
    "node_modules/is-stream": {
      "version": "2.0.1",
      "resolved": "https://registry.npmjs.org/is-stream/-/is-stream-2.0.1.tgz",
      "integrity": "sha512-hFoiJiTl63nn+kstHGBtewWSKnQLpyb155KHheA1l39uvtO9nWIop1p3udqPcUd/xbF1VLMO4n7OI6p7RbngDg==",
      "engines": {
        "node": ">=8"
      },
      "funding": {
        "url": "https://github.com/sponsors/sindresorhus"
      }
    },
    "node_modules/is-utf8": {
      "version": "0.2.1",
      "resolved": "https://registry.npmjs.org/is-utf8/-/is-utf8-0.2.1.tgz",
      "integrity": "sha512-rMYPYvCzsXywIsldgLaSoPlw5PfoB/ssr7hY4pLfcodrA5M/eArza1a9VmTiNIBNMjOGr1Ow9mTyU2o69U6U9Q=="
    },
    "node_modules/isarray": {
      "version": "1.0.0",
      "resolved": "https://registry.npmjs.org/isarray/-/isarray-1.0.0.tgz",
      "integrity": "sha512-VLghIWNM6ELQzo7zwmcg0NmTVyWKYjvIeM83yjp0wRDTmUnrM678fQbcKBo6n2CJEF0szoG//ytg+TKla89ALQ=="
    },
    "node_modules/joi": {
      "version": "17.9.2",
      "resolved": "https://registry.npmjs.org/joi/-/joi-17.9.2.tgz",
      "integrity": "sha512-Itk/r+V4Dx0V3c7RLFdRh12IOjySm2/WGPMubBT92cQvRfYZhPM2W0hZlctjj72iES8jsRCwp7S/cRmWBnJ4nw==",
      "dependencies": {
        "@hapi/hoek": "^9.0.0",
        "@hapi/topo": "^5.0.0",
        "@sideway/address": "^4.1.3",
        "@sideway/formula": "^3.0.1",
        "@sideway/pinpoint": "^2.0.0"
      }
    },
    "node_modules/json-bigint": {
      "version": "1.0.0",
      "resolved": "https://registry.npmjs.org/json-bigint/-/json-bigint-1.0.0.tgz",
      "integrity": "sha512-SiPv/8VpZuWbvLSMtTDU8hEfrZWg/mH/nV/b4o0CYbSxu1UIQPLdwKOCIyLQX+VIPO5vrLX3i8qtqFyhdPSUSQ==",
      "dependencies": {
        "bignumber.js": "^9.0.0"
      }
    },
    "node_modules/jsonwebtoken": {
      "version": "9.0.1",
      "resolved": "https://registry.npmjs.org/jsonwebtoken/-/jsonwebtoken-9.0.1.tgz",
      "integrity": "sha512-K8wx7eJ5TPvEjuiVSkv167EVboBDv9PZdDoF7BgeQnBLVvZWW9clr2PsQHVJDTKaEIH5JBIwHujGcHp7GgI2eg==",
      "dependencies": {
        "jws": "^3.2.2",
        "lodash": "^4.17.21",
        "ms": "^2.1.1",
        "semver": "^7.3.8"
      },
      "engines": {
        "node": ">=12",
        "npm": ">=6"
      }
    },
    "node_modules/jwa": {
      "version": "1.4.1",
      "resolved": "https://registry.npmjs.org/jwa/-/jwa-1.4.1.tgz",
      "integrity": "sha512-qiLX/xhEEFKUAJ6FiBMbes3w9ATzyk5W7Hvzpa/SLYdxNtng+gcurvrI7TbACjIXlsJyr05/S1oUhZrc63evQA==",
      "dependencies": {
        "buffer-equal-constant-time": "1.0.1",
        "ecdsa-sig-formatter": "1.0.11",
        "safe-buffer": "^5.0.1"
      }
    },
    "node_modules/jws": {
      "version": "3.2.2",
      "resolved": "https://registry.npmjs.org/jws/-/jws-3.2.2.tgz",
      "integrity": "sha512-YHlZCB6lMTllWDtSPHz/ZXTsi8S00usEV6v1tjq8tOUZzw7DpSDWVXjXDre6ed1w/pd495ODpHZYSdkRTsa0HA==",
      "dependencies": {
        "jwa": "^1.4.1",
        "safe-buffer": "^5.0.1"
      }
    },
    "node_modules/kareem": {
      "version": "2.5.1",
      "resolved": "https://registry.npmjs.org/kareem/-/kareem-2.5.1.tgz",
      "integrity": "sha512-7jFxRVm+jD+rkq3kY0iZDJfsO2/t4BBPeEb2qKn2lR/9KhuksYk5hxzfRYWMPV8P/x2d0kHD306YyWLzjjH+uA==",
      "engines": {
        "node": ">=12.0.0"
      }
    },
    "node_modules/lodash": {
      "version": "4.17.21",
      "resolved": "https://registry.npmjs.org/lodash/-/lodash-4.17.21.tgz",
      "integrity": "sha512-v2kDEe57lecTulaDIuNTPy3Ry4gLGJ6Z1O3vE1krgXZNrsQ+LFTGHVxVjcXPs17LhbZVGedAJv8XZ1tvj5FvSg=="
    },
    "node_modules/lru-cache": {
      "version": "6.0.0",
      "resolved": "https://registry.npmjs.org/lru-cache/-/lru-cache-6.0.0.tgz",
      "integrity": "sha512-Jo6dJ04CmSjuznwJSS3pUeWmd/H0ffTlkXXgwZi+eq1UCmqQwCh+eLsYOYCwY991i2Fah4h1BEMCx4qThGbsiA==",
      "dependencies": {
        "yallist": "^4.0.0"
      },
      "engines": {
        "node": ">=10"
      }
    },
    "node_modules/make-dir": {
      "version": "3.1.0",
      "resolved": "https://registry.npmjs.org/make-dir/-/make-dir-3.1.0.tgz",
      "integrity": "sha512-g3FeP20LNwhALb/6Cz6Dd4F2ngze0jz7tbzrD2wAV+o9FeNHe4rL+yK2md0J/fiSf1sa1ADhXqi5+oVwOM/eGw==",
      "dependencies": {
        "semver": "^6.0.0"
      },
      "engines": {
        "node": ">=8"
      },
      "funding": {
        "url": "https://github.com/sponsors/sindresorhus"
      }
    },
    "node_modules/make-dir/node_modules/semver": {
      "version": "6.3.1",
      "resolved": "https://registry.npmjs.org/semver/-/semver-6.3.1.tgz",
      "integrity": "sha512-BR7VvDCVHO+q2xBEWskxS6DJE1qRnb7DxzUrogb71CWoSficBxYsiAGd+Kl0mmq/MprG9yArRkyrQxTO6XjMzA==",
      "bin": {
        "semver": "bin/semver.js"
      }
    },
    "node_modules/media-typer": {
      "version": "0.3.0",
      "resolved": "https://registry.npmjs.org/media-typer/-/media-typer-0.3.0.tgz",
      "integrity": "sha512-dq+qelQ9akHpcOl/gUVRTxVIOkAJ1wR3QAvb4RsVjS8oVoFjDGTc679wJYmUmknUF5HwMLOgb5O+a3KxfWapPQ==",
      "engines": {
        "node": ">= 0.6"
      }
    },
    "node_modules/memory-pager": {
      "version": "1.5.0",
      "resolved": "https://registry.npmjs.org/memory-pager/-/memory-pager-1.5.0.tgz",
      "integrity": "sha512-ZS4Bp4r/Zoeq6+NLJpP+0Zzm0pR8whtGPf1XExKLJBAczGMnSi3It14OiNCStjQjM6NU1okjQGSxgEZN8eBYKg==",
      "optional": true
    },
    "node_modules/merge-descriptors": {
      "version": "1.0.1",
      "resolved": "https://registry.npmjs.org/merge-descriptors/-/merge-descriptors-1.0.1.tgz",
      "integrity": "sha512-cCi6g3/Zr1iqQi6ySbseM1Xvooa98N0w31jzUYrXPX2xqObmFGHJ0tQ5u74H3mVh7wLouTseZyYIq39g8cNp1w=="
    },
    "node_modules/methods": {
      "version": "1.1.2",
      "resolved": "https://registry.npmjs.org/methods/-/methods-1.1.2.tgz",
      "integrity": "sha512-iclAHeNqNm68zFtnZ0e+1L2yUIdvzNoauKU4WBA3VvH/vPFieF7qfRlwUZU+DA9P9bPXIS90ulxoUoCH23sV2w==",
      "engines": {
        "node": ">= 0.6"
      }
    },
    "node_modules/mime": {
      "version": "1.6.0",
      "resolved": "https://registry.npmjs.org/mime/-/mime-1.6.0.tgz",
      "integrity": "sha512-x0Vn8spI+wuJ1O6S7gnbaQg8Pxh4NNHb7KSINmEWKiPE4RKOplvijn+NkmYmmRgP68mc70j2EbeTFRsrswaQeg==",
      "bin": {
        "mime": "cli.js"
      },
      "engines": {
        "node": ">=4"
      }
    },
    "node_modules/mime-db": {
      "version": "1.52.0",
      "resolved": "https://registry.npmjs.org/mime-db/-/mime-db-1.52.0.tgz",
      "integrity": "sha512-sPU4uV7dYlvtWJxwwxHD0PuihVNiE7TyAbQ5SWxDCB9mUYvOgroQOwYQQOKPJ8CIbE+1ETVlOoK1UC2nU3gYvg==",
      "engines": {
        "node": ">= 0.6"
      }
    },
    "node_modules/mime-types": {
      "version": "2.1.35",
      "resolved": "https://registry.npmjs.org/mime-types/-/mime-types-2.1.35.tgz",
      "integrity": "sha512-ZDY+bPm5zTTF+YpCrAU9nK0UgICYPT0QtT1NZWFv4s++TNkcgVaT0g6+4R2uI4MjQjzysHB1zxuWL50hzaeXiw==",
      "dependencies": {
        "mime-db": "1.52.0"
      },
      "engines": {
        "node": ">= 0.6"
      }
    },
    "node_modules/mimic-response": {
      "version": "3.1.0",
      "resolved": "https://registry.npmjs.org/mimic-response/-/mimic-response-3.1.0.tgz",
      "integrity": "sha512-z0yWI+4FDrrweS8Zmt4Ej5HdJmky15+L2e6Wgn3+iK5fWzb6T3fhNFq2+MeTRb064c6Wr4N/wv0DzQTjNzHNGQ==",
      "engines": {
        "node": ">=10"
      },
      "funding": {
        "url": "https://github.com/sponsors/sindresorhus"
      }
    },
    "node_modules/minimatch": {
      "version": "3.1.2",
      "resolved": "https://registry.npmjs.org/minimatch/-/minimatch-3.1.2.tgz",
      "integrity": "sha512-J7p63hRiAjw1NDEww1W7i37+ByIrOWO5XQQAzZ3VOcL0PNybwpfmV/N05zFAzwQ9USyEcX6t3UO+K5aqBQOIHw==",
      "dependencies": {
        "brace-expansion": "^1.1.7"
      },
      "engines": {
        "node": "*"
      }
    },
    "node_modules/minimist": {
      "version": "1.2.8",
      "resolved": "https://registry.npmjs.org/minimist/-/minimist-1.2.8.tgz",
      "integrity": "sha512-2yyAR8qBkN3YuheJanUpWC5U3bb5osDywNB8RzDVlDwDHbocAJveqqj1u8+SVD7jkWT4yvsHCpWqqWqAxb0zCA==",
      "funding": {
        "url": "https://github.com/sponsors/ljharb"
      }
    },
    "node_modules/minipass": {
      "version": "5.0.0",
      "resolved": "https://registry.npmjs.org/minipass/-/minipass-5.0.0.tgz",
      "integrity": "sha512-3FnjYuehv9k6ovOEbyOswadCDPX1piCfhV8ncmYtHOjuPwylVWsghTLo7rabjC3Rx5xD4HDx8Wm1xnMF7S5qFQ==",
      "engines": {
        "node": ">=8"
      }
    },
    "node_modules/minizlib": {
      "version": "2.1.2",
      "resolved": "https://registry.npmjs.org/minizlib/-/minizlib-2.1.2.tgz",
      "integrity": "sha512-bAxsR8BVfj60DWXHE3u30oHzfl4G7khkSuPW+qvpd7jFRHm7dLxOjUk1EHACJ/hxLY8phGJ0YhYHZo7jil7Qdg==",
      "dependencies": {
        "minipass": "^3.0.0",
        "yallist": "^4.0.0"
      },
      "engines": {
        "node": ">= 8"
      }
    },
    "node_modules/minizlib/node_modules/minipass": {
      "version": "3.3.6",
      "resolved": "https://registry.npmjs.org/minipass/-/minipass-3.3.6.tgz",
      "integrity": "sha512-DxiNidxSEK+tHG6zOIklvNOwm3hvCrbUrdtzY74U6HKTJxvIDfOUL5W5P2Ghd3DTkhhKPYGqeNUIh5qcM4YBfw==",
      "dependencies": {
        "yallist": "^4.0.0"
      },
      "engines": {
        "node": ">=8"
      }
    },
    "node_modules/mkdirp": {
      "version": "1.0.4",
      "resolved": "https://registry.npmjs.org/mkdirp/-/mkdirp-1.0.4.tgz",
      "integrity": "sha512-vVqVZQyf3WLx2Shd0qJ9xuvqgAyKPLAiqITEtqW0oIUjzo3PePDd6fW9iFz30ef7Ysp/oiWqbhszeGWW2T6Gzw==",
      "bin": {
        "mkdirp": "bin/cmd.js"
      },
      "engines": {
        "node": ">=10"
      }
    },
    "node_modules/mkdirp-classic": {
      "version": "0.5.3",
      "resolved": "https://registry.npmjs.org/mkdirp-classic/-/mkdirp-classic-0.5.3.tgz",
      "integrity": "sha512-gKLcREMhtuZRwRAfqP3RFW+TK4JqApVBtOIftVgjuABpAtpxhPGaDcfvbhNvD0B8iD1oUr/txX35NjcaY6Ns/A=="
    },
    "node_modules/mongodb": {
      "version": "5.7.0",
      "resolved": "https://registry.npmjs.org/mongodb/-/mongodb-5.7.0.tgz",
      "integrity": "sha512-zm82Bq33QbqtxDf58fLWBwTjARK3NSvKYjyz997KSy6hpat0prjeX/kxjbPVyZY60XYPDNETaHkHJI2UCzSLuw==",
      "dependencies": {
        "bson": "^5.4.0",
        "mongodb-connection-string-url": "^2.6.0",
        "socks": "^2.7.1"
      },
      "engines": {
        "node": ">=14.20.1"
      },
      "optionalDependencies": {
        "saslprep": "^1.0.3"
      },
      "peerDependencies": {
        "@aws-sdk/credential-providers": "^3.201.0",
        "@mongodb-js/zstd": "^1.1.0",
        "kerberos": "^2.0.1",
        "mongodb-client-encryption": ">=2.3.0 <3",
        "snappy": "^7.2.2"
      },
      "peerDependenciesMeta": {
        "@aws-sdk/credential-providers": {
          "optional": true
        },
        "@mongodb-js/zstd": {
          "optional": true
        },
        "kerberos": {
          "optional": true
        },
        "mongodb-client-encryption": {
          "optional": true
        },
        "snappy": {
          "optional": true
        }
      }
    },
    "node_modules/mongodb-connection-string-url": {
      "version": "2.6.0",
      "resolved": "https://registry.npmjs.org/mongodb-connection-string-url/-/mongodb-connection-string-url-2.6.0.tgz",
      "integrity": "sha512-WvTZlI9ab0QYtTYnuMLgobULWhokRjtC7db9LtcVfJ+Hsnyr5eo6ZtNAt3Ly24XZScGMelOcGtm7lSn0332tPQ==",
      "dependencies": {
        "@types/whatwg-url": "^8.2.1",
        "whatwg-url": "^11.0.0"
      }
    },
    "node_modules/mongoose": {
      "version": "7.4.0",
      "resolved": "https://registry.npmjs.org/mongoose/-/mongoose-7.4.0.tgz",
      "integrity": "sha512-oHE1eqodfKzugXRlQxpo+msIea7jPcRoayDuEMr50+bYwM/juA5f+1stjkWlXcg6vo1PdJFVA6DGaKOPLuG5mA==",
      "dependencies": {
        "bson": "^5.4.0",
        "kareem": "2.5.1",
        "mongodb": "5.7.0",
        "mpath": "0.9.0",
        "mquery": "5.0.0",
        "ms": "2.1.3",
        "sift": "16.0.1"
      },
      "engines": {
        "node": ">=14.20.1"
      },
      "funding": {
        "type": "opencollective",
        "url": "https://opencollective.com/mongoose"
      }
    },
    "node_modules/mpath": {
      "version": "0.9.0",
      "resolved": "https://registry.npmjs.org/mpath/-/mpath-0.9.0.tgz",
      "integrity": "sha512-ikJRQTk8hw5DEoFVxHG1Gn9T/xcjtdnOKIU1JTmGjZZlg9LST2mBLmcX3/ICIbgJydT2GOc15RnNy5mHmzfSew==",
      "engines": {
        "node": ">=4.0.0"
      }
    },
    "node_modules/mquery": {
      "version": "5.0.0",
      "resolved": "https://registry.npmjs.org/mquery/-/mquery-5.0.0.tgz",
      "integrity": "sha512-iQMncpmEK8R8ncT8HJGsGc9Dsp8xcgYMVSbs5jgnm1lFHTZqMJTUWTDx1LBO8+mK3tPNZWFLBghQEIOULSTHZg==",
      "dependencies": {
        "debug": "4.x"
      },
      "engines": {
        "node": ">=14.0.0"
      }
    },
    "node_modules/ms": {
      "version": "2.1.3",
      "resolved": "https://registry.npmjs.org/ms/-/ms-2.1.3.tgz",
      "integrity": "sha512-6FlzubTLZG3J2a/NVCAleEhjzq5oxgHyaCU9yYXvcLsvoVaHJq/s5xXI6/XXP6tz7R9xAOtHnSO/tXtF3WRTlA=="
    },
    "node_modules/multer": {
      "version": "1.4.5-lts.1",
      "resolved": "https://registry.npmjs.org/multer/-/multer-1.4.5-lts.1.tgz",
      "integrity": "sha512-ywPWvcDMeH+z9gQq5qYHCCy+ethsk4goepZ45GLD63fOu0YcNecQxi64nDs3qluZB+murG3/D4dJ7+dGctcCQQ==",
      "dependencies": {
        "append-field": "^1.0.0",
        "busboy": "^1.0.0",
        "concat-stream": "^1.5.2",
        "mkdirp": "^0.5.4",
        "object-assign": "^4.1.1",
        "type-is": "^1.6.4",
        "xtend": "^4.0.0"
      },
      "engines": {
        "node": ">= 6.0.0"
      }
    },
    "node_modules/multer/node_modules/mkdirp": {
      "version": "0.5.6",
      "resolved": "https://registry.npmjs.org/mkdirp/-/mkdirp-0.5.6.tgz",
      "integrity": "sha512-FP+p8RB8OWpF3YZBCrP5gtADmtXApB5AMLn+vdyA+PyxCjrCs00mjyUozssO33cwDeT3wNGdLxJ5M//YqtHAJw==",
      "dependencies": {
        "minimist": "^1.2.6"
      },
      "bin": {
        "mkdirp": "bin/cmd.js"
      }
    },
    "node_modules/napi-build-utils": {
      "version": "1.0.2",
      "resolved": "https://registry.npmjs.org/napi-build-utils/-/napi-build-utils-1.0.2.tgz",
      "integrity": "sha512-ONmRUqK7zj7DWX0D9ADe03wbwOBZxNAfF20PlGfCWQcD3+/MakShIHrMqx9YwPTfxDdF1zLeL+RGZiR9kGMLdg=="
    },
    "node_modules/negotiator": {
      "version": "0.6.3",
      "resolved": "https://registry.npmjs.org/negotiator/-/negotiator-0.6.3.tgz",
      "integrity": "sha512-+EUsqGPLsM+j/zdChZjsnX51g4XrHFOIXwfnCVPGlQk/k5giakcKsuxCObBRu6DSm9opw/O6slWbJdghQM4bBg==",
      "engines": {
        "node": ">= 0.6"
      }
    },
    "node_modules/node-abi": {
      "version": "3.45.0",
      "resolved": "https://registry.npmjs.org/node-abi/-/node-abi-3.45.0.tgz",
      "integrity": "sha512-iwXuFrMAcFVi/ZoZiqq8BzAdsLw9kxDfTC0HMyjXfSL/6CSDAGD5UmR7azrAgWV1zKYq7dUUMj4owusBWKLsiQ==",
      "dependencies": {
        "semver": "^7.3.5"
      },
      "engines": {
        "node": ">=10"
      }
    },
    "node_modules/node-addon-api": {
      "version": "5.1.0",
      "resolved": "https://registry.npmjs.org/node-addon-api/-/node-addon-api-5.1.0.tgz",
      "integrity": "sha512-eh0GgfEkpnoWDq+VY8OyvYhFEzBk6jIYbRKdIlyTiAXIVJ8PyBaKb0rp7oDtoddbdoHWhq8wwr+XZ81F1rpNdA=="
    },
    "node_modules/node-fetch": {
      "version": "2.6.12",
      "resolved": "https://registry.npmjs.org/node-fetch/-/node-fetch-2.6.12.tgz",
      "integrity": "sha512-C/fGU2E8ToujUivIO0H+tpQ6HWo4eEmchoPIoXtxCrVghxdKq+QOHqEZW7tuP3KlV3bC8FRMO5nMCC7Zm1VP6g==",
      "dependencies": {
        "whatwg-url": "^5.0.0"
      },
      "engines": {
        "node": "4.x || >=6.0.0"
      },
      "peerDependencies": {
        "encoding": "^0.1.0"
      },
      "peerDependenciesMeta": {
        "encoding": {
          "optional": true
        }
      }
    },
    "node_modules/node-fetch/node_modules/tr46": {
      "version": "0.0.3",
      "resolved": "https://registry.npmjs.org/tr46/-/tr46-0.0.3.tgz",
      "integrity": "sha512-N3WMsuqV66lT30CrXNbEjx4GEwlow3v6rr4mCcv6prnfwhS01rkgyFdjPNBYd9br7LpXV1+Emh01fHnq2Gdgrw=="
    },
    "node_modules/node-fetch/node_modules/webidl-conversions": {
      "version": "3.0.1",
      "resolved": "https://registry.npmjs.org/webidl-conversions/-/webidl-conversions-3.0.1.tgz",
      "integrity": "sha512-2JAn3z8AR6rjK8Sm8orRC0h/bcl/DqL7tRPdGZ4I1CjdF+EaMLmYxBHyXuKL849eucPFhvBoxMsflfOb8kxaeQ=="
    },
    "node_modules/node-fetch/node_modules/whatwg-url": {
      "version": "5.0.0",
      "resolved": "https://registry.npmjs.org/whatwg-url/-/whatwg-url-5.0.0.tgz",
      "integrity": "sha512-saE57nupxk6v3HY35+jzBwYa0rKSy0XR8JSxZPwgLr7ys0IBzhGviA1/TUGJLmSVqs8pb9AnvICXEuOHLprYTw==",
      "dependencies": {
        "tr46": "~0.0.3",
        "webidl-conversions": "^3.0.0"
      }
    },
    "node_modules/node-forge": {
      "version": "1.3.1",
      "resolved": "https://registry.npmjs.org/node-forge/-/node-forge-1.3.1.tgz",
      "integrity": "sha512-dPEtOeMvF9VMcYV/1Wb8CPoVAXtp6MKMlcbAt4ddqmGqUJ6fQZFXkNZNkNlfevtNkGtaSoXf/vNNNSvgrdXwtA==",
      "engines": {
        "node": ">= 6.13.0"
      }
    },
    "node_modules/nodemailer": {
      "version": "6.9.4",
      "resolved": "https://registry.npmjs.org/nodemailer/-/nodemailer-6.9.4.tgz",
      "integrity": "sha512-CXjQvrQZV4+6X5wP6ZIgdehJamI63MFoYFGGPtHudWym9qaEHDNdPzaj5bfMCvxG1vhAileSWW90q7nL0N36mA==",
      "engines": {
        "node": ">=6.0.0"
      }
    },
    "node_modules/nopt": {
      "version": "5.0.0",
      "resolved": "https://registry.npmjs.org/nopt/-/nopt-5.0.0.tgz",
      "integrity": "sha512-Tbj67rffqceeLpcRXrT7vKAN8CwfPeIBgM7E6iBkmKLV7bEMwpGgYLGv0jACUsECaa/vuxP0IjEont6umdMgtQ==",
      "dependencies": {
        "abbrev": "1"
      },
      "bin": {
        "nopt": "bin/nopt.js"
      },
      "engines": {
        "node": ">=6"
      }
    },
    "node_modules/npmlog": {
      "version": "5.0.1",
      "resolved": "https://registry.npmjs.org/npmlog/-/npmlog-5.0.1.tgz",
      "integrity": "sha512-AqZtDUWOMKs1G/8lwylVjrdYgqA4d9nu8hc+0gzRxlDb1I10+FHBGMXs6aiQHFdCUUlqH99MUMuLfzWDNDtfxw==",
      "dependencies": {
        "are-we-there-yet": "^2.0.0",
        "console-control-strings": "^1.1.0",
        "gauge": "^3.0.0",
        "set-blocking": "^2.0.0"
      }
    },
    "node_modules/object-assign": {
      "version": "4.1.1",
      "resolved": "https://registry.npmjs.org/object-assign/-/object-assign-4.1.1.tgz",
      "integrity": "sha512-rJgTQnkUnH1sFw8yT6VSU3zD3sWmu6sZhIseY8VX+GRu3P6F7Fu+JNDoXfklElbLJSnc3FUQHVe4cU5hj+BcUg==",
      "engines": {
        "node": ">=0.10.0"
      }
    },
    "node_modules/object-inspect": {
      "version": "1.12.3",
      "resolved": "https://registry.npmjs.org/object-inspect/-/object-inspect-1.12.3.tgz",
      "integrity": "sha512-geUvdk7c+eizMNUDkRpW1wJwgfOiOeHbxBR/hLXK1aT6zmVSO0jsQcs7fj6MGw89jC/cjGfLcNOrtMYtGqm81g==",
      "funding": {
        "url": "https://github.com/sponsors/ljharb"
      }
    },
    "node_modules/on-finished": {
      "version": "2.4.1",
      "resolved": "https://registry.npmjs.org/on-finished/-/on-finished-2.4.1.tgz",
      "integrity": "sha512-oVlzkg3ENAhCk2zdv7IJwd/QUD4z2RxRwpkcGY8psCVcCYZNq4wYnVWALHM+brtuJjePWiYF/ClmuDr8Ch5+kg==",
      "dependencies": {
        "ee-first": "1.1.1"
      },
      "engines": {
        "node": ">= 0.8"
      }
    },
    "node_modules/once": {
      "version": "1.4.0",
      "resolved": "https://registry.npmjs.org/once/-/once-1.4.0.tgz",
      "integrity": "sha512-lNaJgI+2Q5URQBkccEKHTQOPaXdUxnZZElQTZY0MFUAuaEqe1E+Nyvgdz/aIyNi6Z9MzO5dv1H8n58/GELp3+w==",
      "dependencies": {
        "wrappy": "1"
      }
    },
    "node_modules/parseurl": {
      "version": "1.3.3",
      "resolved": "https://registry.npmjs.org/parseurl/-/parseurl-1.3.3.tgz",
      "integrity": "sha512-CiyeOxFT/JZyN5m0z9PfXw4SCBJ6Sygz1Dpl0wqjlhDEGGBP1GnsUVEL0p63hoG1fcj3fHynXi9NYO4nWOL+qQ==",
      "engines": {
        "node": ">= 0.8"
      }
    },
    "node_modules/path-is-absolute": {
      "version": "1.0.1",
      "resolved": "https://registry.npmjs.org/path-is-absolute/-/path-is-absolute-1.0.1.tgz",
      "integrity": "sha512-AVbw3UJ2e9bq64vSaS9Am0fje1Pa8pbGqTTsmXfaIiMpnr5DlDhfJOuLj9Sf95ZPVDAUerDfEk88MPmPe7UCQg==",
      "engines": {
        "node": ">=0.10.0"
      }
    },
    "node_modules/path-to-regexp": {
      "version": "0.1.7",
      "resolved": "https://registry.npmjs.org/path-to-regexp/-/path-to-regexp-0.1.7.tgz",
      "integrity": "sha512-5DFkuoqlv1uYQKxy8omFBeJPQcdoE07Kv2sferDCrAq1ohOU+MSDswDIbnx3YAM60qIOnYa53wBhXW0EbMonrQ=="
    },
    "node_modules/prebuild-install": {
      "version": "7.1.1",
      "resolved": "https://registry.npmjs.org/prebuild-install/-/prebuild-install-7.1.1.tgz",
      "integrity": "sha512-jAXscXWMcCK8GgCoHOfIr0ODh5ai8mj63L2nWrjuAgXE6tDyYGnx4/8o/rCgU+B4JSyZBKbeZqzhtwtC3ovxjw==",
      "dependencies": {
        "detect-libc": "^2.0.0",
        "expand-template": "^2.0.3",
        "github-from-package": "0.0.0",
        "minimist": "^1.2.3",
        "mkdirp-classic": "^0.5.3",
        "napi-build-utils": "^1.0.1",
        "node-abi": "^3.3.0",
        "pump": "^3.0.0",
        "rc": "^1.2.7",
        "simple-get": "^4.0.0",
        "tar-fs": "^2.0.0",
        "tunnel-agent": "^0.6.0"
      },
      "bin": {
        "prebuild-install": "bin.js"
      },
      "engines": {
        "node": ">=10"
      }
    },
    "node_modules/prebuild-install/node_modules/chownr": {
      "version": "1.1.4",
      "resolved": "https://registry.npmjs.org/chownr/-/chownr-1.1.4.tgz",
      "integrity": "sha512-jJ0bqzaylmJtVnNgzTeSOs8DPavpbYgEr/b0YL8/2GO3xJEhInFmhKMUnEJQjZumK7KXGFhUy89PrsJWlakBVg=="
    },
    "node_modules/prebuild-install/node_modules/tar-fs": {
      "version": "2.1.1",
      "resolved": "https://registry.npmjs.org/tar-fs/-/tar-fs-2.1.1.tgz",
      "integrity": "sha512-V0r2Y9scmbDRLCNex/+hYzvp/zyYjvFbHPNgVTKfQvVrb6guiE/fxP+XblDNR011utopbkex2nM4dHNV6GDsng==",
      "dependencies": {
        "chownr": "^1.1.1",
        "mkdirp-classic": "^0.5.2",
        "pump": "^3.0.0",
        "tar-stream": "^2.1.4"
      }
    },
    "node_modules/prebuild-install/node_modules/tar-stream": {
      "version": "2.2.0",
      "resolved": "https://registry.npmjs.org/tar-stream/-/tar-stream-2.2.0.tgz",
      "integrity": "sha512-ujeqbceABgwMZxEJnk2HDY2DlnUZ+9oEcb1KzTVfYHio0UE6dG71n60d8D2I4qNvleWrrXpmjpt7vZeF1LnMZQ==",
      "dependencies": {
        "bl": "^4.0.3",
        "end-of-stream": "^1.4.1",
        "fs-constants": "^1.0.0",
        "inherits": "^2.0.3",
        "readable-stream": "^3.1.1"
      },
      "engines": {
        "node": ">=6"
      }
    },
    "node_modules/process-nextick-args": {
      "version": "2.0.1",
      "resolved": "https://registry.npmjs.org/process-nextick-args/-/process-nextick-args-2.0.1.tgz",
      "integrity": "sha512-3ouUOpQhtgrbOa17J7+uxOTpITYWaGP7/AhoR3+A+/1e9skrzelGi/dXzEYyvbxubEF6Wn2ypscTKiKJFFn1ag=="
    },
    "node_modules/proxy-addr": {
      "version": "2.0.7",
      "resolved": "https://registry.npmjs.org/proxy-addr/-/proxy-addr-2.0.7.tgz",
      "integrity": "sha512-llQsMLSUDUPT44jdrU/O37qlnifitDP+ZwrmmZcoSKyLKvtZxpyV0n2/bD/N4tBAAZ/gJEdZU7KMraoK1+XYAg==",
      "dependencies": {
        "forwarded": "0.2.0",
        "ipaddr.js": "1.9.1"
      },
      "engines": {
        "node": ">= 0.10"
      }
    },
    "node_modules/pump": {
      "version": "3.0.0",
      "resolved": "https://registry.npmjs.org/pump/-/pump-3.0.0.tgz",
      "integrity": "sha512-LwZy+p3SFs1Pytd/jYct4wpv49HiYCqd9Rlc5ZVdk0V+8Yzv6jR5Blk3TRmPL1ft69TxP0IMZGJ+WPFU2BFhww==",
      "dependencies": {
        "end-of-stream": "^1.1.0",
        "once": "^1.3.1"
      }
    },
    "node_modules/punycode": {
      "version": "2.3.0",
      "resolved": "https://registry.npmjs.org/punycode/-/punycode-2.3.0.tgz",
      "integrity": "sha512-rRV+zQD8tVFys26lAGR9WUuS4iUAngJScM+ZRSKtvl5tKeZ2t5bvdNFdNHBW9FWR4guGHlgmsZ1G7BSm2wTbuA==",
      "engines": {
        "node": ">=6"
      }
    },
    "node_modules/qs": {
      "version": "6.11.2",
      "resolved": "https://registry.npmjs.org/qs/-/qs-6.11.2.tgz",
      "integrity": "sha512-tDNIz22aBzCDxLtVH++VnTfzxlfeK5CbqohpSqpJgj1Wg/cQbStNAz3NuqCs5vV+pjBsK4x4pN9HlVh7rcYRiA==",
      "dependencies": {
        "side-channel": "^1.0.4"
      },
      "engines": {
        "node": ">=0.6"
      },
      "funding": {
        "url": "https://github.com/sponsors/ljharb"
      }
    },
    "node_modules/queue-tick": {
      "version": "1.0.1",
      "resolved": "https://registry.npmjs.org/queue-tick/-/queue-tick-1.0.1.tgz",
      "integrity": "sha512-kJt5qhMxoszgU/62PLP1CJytzd2NKetjSRnyuj31fDd3Rlcz3fzlFdFLD1SItunPwyqEOkca6GbV612BWfaBag=="
    },
    "node_modules/range-parser": {
      "version": "1.2.1",
      "resolved": "https://registry.npmjs.org/range-parser/-/range-parser-1.2.1.tgz",
      "integrity": "sha512-Hrgsx+orqoygnmhFbKaHE6c296J+HTAQXoxEF6gNupROmmGJRoyzfG3ccAveqCBrwr/2yxQ5BVd/GTl5agOwSg==",
      "engines": {
        "node": ">= 0.6"
      }
    },
    "node_modules/raw-body": {
      "version": "2.5.2",
      "resolved": "https://registry.npmjs.org/raw-body/-/raw-body-2.5.2.tgz",
      "integrity": "sha512-8zGqypfENjCIqGhgXToC8aB2r7YrBX+AQAfIPs/Mlk+BtPTztOvTS01NRW/3Eh60J+a48lt8qsCzirQ6loCVfA==",
      "dependencies": {
        "bytes": "3.1.2",
        "http-errors": "2.0.0",
        "iconv-lite": "0.4.24",
        "unpipe": "1.0.0"
      },
      "engines": {
        "node": ">= 0.8"
      }
    },
    "node_modules/rc": {
      "version": "1.2.8",
      "resolved": "https://registry.npmjs.org/rc/-/rc-1.2.8.tgz",
      "integrity": "sha512-y3bGgqKj3QBdxLbLkomlohkvsA8gdAiUQlSBJnBhfn+BPxg4bc62d8TcBW15wavDfgexCgccckhcZvywyQYPOw==",
      "dependencies": {
        "deep-extend": "^0.6.0",
        "ini": "~1.3.0",
        "minimist": "^1.2.0",
        "strip-json-comments": "~2.0.1"
      },
      "bin": {
        "rc": "cli.js"
      }
    },
    "node_modules/readable-stream": {
      "version": "3.6.2",
      "resolved": "https://registry.npmjs.org/readable-stream/-/readable-stream-3.6.2.tgz",
      "integrity": "sha512-9u/sniCrY3D5WdsERHzHE4G2YCXqoG5FTHUiCC4SIbr6XcLZBY05ya9EKjYek9O5xOAwjGq+1JdGBAS7Q9ScoA==",
      "dependencies": {
        "inherits": "^2.0.3",
        "string_decoder": "^1.1.1",
        "util-deprecate": "^1.0.1"
      },
      "engines": {
        "node": ">= 6"
      }
    },
    "node_modules/rimraf": {
      "version": "3.0.2",
      "resolved": "https://registry.npmjs.org/rimraf/-/rimraf-3.0.2.tgz",
      "integrity": "sha512-JZkJMZkAGFFPP2YqXZXPbMlMBgsxzE8ILs4lMIX/2o0L9UBw9O/Y3o6wFw/i9YLapcUJWwqbi3kdxIPdC62TIA==",
      "dependencies": {
        "glob": "^7.1.3"
      },
      "bin": {
        "rimraf": "bin.js"
      },
      "funding": {
        "url": "https://github.com/sponsors/isaacs"
      }
    },
    "node_modules/safe-buffer": {
      "version": "5.2.1",
      "resolved": "https://registry.npmjs.org/safe-buffer/-/safe-buffer-5.2.1.tgz",
      "integrity": "sha512-rp3So07KcdmmKbGvgaNxQSJr7bGVSVk5S9Eq1F+ppbRo70+YeaDxkw5Dd8NPN+GD6bjnYm2VuPuCXmpuYvmCXQ==",
      "funding": [
        {
          "type": "github",
          "url": "https://github.com/sponsors/feross"
        },
        {
          "type": "patreon",
          "url": "https://www.patreon.com/feross"
        },
        {
          "type": "consulting",
          "url": "https://feross.org/support"
        }
      ]
    },
    "node_modules/safer-buffer": {
      "version": "2.1.2",
      "resolved": "https://registry.npmjs.org/safer-buffer/-/safer-buffer-2.1.2.tgz",
      "integrity": "sha512-YZo3K82SD7Riyi0E1EQPojLz7kpepnSQI9IyPbHHg1XXXevb5dJI7tpyN2ADxGcQbHG7vcyRHk0cbwqcQriUtg=="
    },
    "node_modules/saslprep": {
      "version": "1.0.3",
      "resolved": "https://registry.npmjs.org/saslprep/-/saslprep-1.0.3.tgz",
      "integrity": "sha512-/MY/PEMbk2SuY5sScONwhUDsV2p77Znkb/q3nSVstq/yQzYJOH/Azh29p9oJLsl3LnQwSvZDKagDGBsBwSooag==",
      "optional": true,
      "dependencies": {
        "sparse-bitfield": "^3.0.3"
      },
      "engines": {
        "node": ">=6"
      }
    },
    "node_modules/semver": {
      "version": "7.5.4",
      "resolved": "https://registry.npmjs.org/semver/-/semver-7.5.4.tgz",
      "integrity": "sha512-1bCSESV6Pv+i21Hvpxp3Dx+pSD8lIPt8uVjRrxAUt/nbswYc+tK6Y2btiULjd4+fnq15PX+nqQDC7Oft7WkwcA==",
      "dependencies": {
        "lru-cache": "^6.0.0"
      },
      "bin": {
        "semver": "bin/semver.js"
      },
      "engines": {
        "node": ">=10"
      }
    },
    "node_modules/send": {
      "version": "0.18.0",
      "resolved": "https://registry.npmjs.org/send/-/send-0.18.0.tgz",
      "integrity": "sha512-qqWzuOjSFOuqPjFe4NOsMLafToQQwBSOEpS+FwEt3A2V3vKubTquT3vmLTQpFgMXp8AlFWFuP1qKaJZOtPpVXg==",
      "dependencies": {
        "debug": "2.6.9",
        "depd": "2.0.0",
        "destroy": "1.2.0",
        "encodeurl": "~1.0.2",
        "escape-html": "~1.0.3",
        "etag": "~1.8.1",
        "fresh": "0.5.2",
        "http-errors": "2.0.0",
        "mime": "1.6.0",
        "ms": "2.1.3",
        "on-finished": "2.4.1",
        "range-parser": "~1.2.1",
        "statuses": "2.0.1"
      },
      "engines": {
        "node": ">= 0.8.0"
      }
    },
    "node_modules/send/node_modules/debug": {
      "version": "2.6.9",
      "resolved": "https://registry.npmjs.org/debug/-/debug-2.6.9.tgz",
      "integrity": "sha512-bC7ElrdJaJnPbAP+1EotYvqZsb3ecl5wi6Bfi6BJTUcNowp6cvspg0jXznRTKDjm/E7AdgFBVeAPVMNcKGsHMA==",
      "dependencies": {
        "ms": "2.0.0"
      }
    },
    "node_modules/send/node_modules/debug/node_modules/ms": {
      "version": "2.0.0",
      "resolved": "https://registry.npmjs.org/ms/-/ms-2.0.0.tgz",
      "integrity": "sha512-Tpp60P6IUJDTuOq/5Z8cdskzJujfwqfOTkrwIwj7IRISpnkJnT6SyJ4PCPnGMoFjC9ddhal5KVIYtAt97ix05A=="
    },
    "node_modules/serve-static": {
      "version": "1.15.0",
      "resolved": "https://registry.npmjs.org/serve-static/-/serve-static-1.15.0.tgz",
      "integrity": "sha512-XGuRDNjXUijsUL0vl6nSD7cwURuzEgglbOaFuZM9g3kwDXOWVTck0jLzjPzGD+TazWbboZYu52/9/XPdUgne9g==",
      "dependencies": {
        "encodeurl": "~1.0.2",
        "escape-html": "~1.0.3",
        "parseurl": "~1.3.3",
        "send": "0.18.0"
      },
      "engines": {
        "node": ">= 0.8.0"
      }
    },
    "node_modules/set-blocking": {
      "version": "2.0.0",
      "resolved": "https://registry.npmjs.org/set-blocking/-/set-blocking-2.0.0.tgz",
      "integrity": "sha512-KiKBS8AnWGEyLzofFfmvKwpdPzqiy16LvQfK3yv/fVH7Bj13/wl3JSR1J+rfgRE9q7xUJK4qvgS8raSOeLUehw=="
    },
    "node_modules/setprototypeof": {
      "version": "1.2.0",
      "resolved": "https://registry.npmjs.org/setprototypeof/-/setprototypeof-1.2.0.tgz",
      "integrity": "sha512-E5LDX7Wrp85Kil5bhZv46j8jOeboKq5JMmYM3gVGdGH8xFpPWXUMsNrlODCrkoxMEeNi/XZIwuRvY4XNwYMJpw=="
    },
    "node_modules/sharp": {
      "version": "0.32.4",
      "resolved": "https://registry.npmjs.org/sharp/-/sharp-0.32.4.tgz",
      "integrity": "sha512-exUnZewqVZC6UXqXuQ8fyJJv0M968feBi04jb9GcUHrWtkRoAKnbJt8IfwT4NJs7FskArbJ14JAFGVuooszoGg==",
      "hasInstallScript": true,
      "dependencies": {
        "color": "^4.2.3",
        "detect-libc": "^2.0.2",
        "node-addon-api": "^6.1.0",
        "prebuild-install": "^7.1.1",
        "semver": "^7.5.4",
        "simple-get": "^4.0.1",
        "tar-fs": "^3.0.4",
        "tunnel-agent": "^0.6.0"
      },
      "engines": {
        "node": ">=14.15.0"
      },
      "funding": {
        "url": "https://opencollective.com/libvips"
      }
    },
    "node_modules/sharp/node_modules/node-addon-api": {
      "version": "6.1.0",
      "resolved": "https://registry.npmjs.org/node-addon-api/-/node-addon-api-6.1.0.tgz",
      "integrity": "sha512-+eawOlIgy680F0kBzPUNFhMZGtJ1YmqM6l4+Crf4IkImjYrO/mqPwRMh352g23uIaQKFItcQ64I7KMaJxHgAVA=="
    },
    "node_modules/side-channel": {
      "version": "1.0.4",
      "resolved": "https://registry.npmjs.org/side-channel/-/side-channel-1.0.4.tgz",
      "integrity": "sha512-q5XPytqFEIKHkGdiMIrY10mvLRvnQh42/+GoBlFW3b2LXLE2xxJpZFdm94we0BaoV3RwJyGqg5wS7epxTv0Zvw==",
      "dependencies": {
        "call-bind": "^1.0.0",
        "get-intrinsic": "^1.0.2",
        "object-inspect": "^1.9.0"
      },
      "funding": {
        "url": "https://github.com/sponsors/ljharb"
      }
    },
    "node_modules/sift": {
      "version": "16.0.1",
      "resolved": "https://registry.npmjs.org/sift/-/sift-16.0.1.tgz",
      "integrity": "sha512-Wv6BjQ5zbhW7VFefWusVP33T/EM0vYikCaQ2qR8yULbsilAT8/wQaXvuQ3ptGLpoKx+lihJE3y2UTgKDyyNHZQ=="
    },
    "node_modules/signal-exit": {
      "version": "3.0.7",
      "resolved": "https://registry.npmjs.org/signal-exit/-/signal-exit-3.0.7.tgz",
      "integrity": "sha512-wnD2ZE+l+SPC/uoS0vXeE9L1+0wuaMqKlfz9AMUo38JsyLSBWSFcHR1Rri62LZc12vLr1gb3jl7iwQhgwpAbGQ=="
    },
    "node_modules/simple-concat": {
      "version": "1.0.1",
      "resolved": "https://registry.npmjs.org/simple-concat/-/simple-concat-1.0.1.tgz",
      "integrity": "sha512-cSFtAPtRhljv69IK0hTVZQ+OfE9nePi/rtJmw5UjHeVyVroEqJXP1sFztKUy1qU+xvz3u/sfYJLa947b7nAN2Q==",
      "funding": [
        {
          "type": "github",
          "url": "https://github.com/sponsors/feross"
        },
        {
          "type": "patreon",
          "url": "https://www.patreon.com/feross"
        },
        {
          "type": "consulting",
          "url": "https://feross.org/support"
        }
      ]
    },
    "node_modules/simple-get": {
      "version": "4.0.1",
      "resolved": "https://registry.npmjs.org/simple-get/-/simple-get-4.0.1.tgz",
      "integrity": "sha512-brv7p5WgH0jmQJr1ZDDfKDOSeWWg+OVypG99A/5vYGPqJ6pxiaHLy8nxtFjBA7oMa01ebA9gfh1uMCFqOuXxvA==",
      "funding": [
        {
          "type": "github",
          "url": "https://github.com/sponsors/feross"
        },
        {
          "type": "patreon",
          "url": "https://www.patreon.com/feross"
        },
        {
          "type": "consulting",
          "url": "https://feross.org/support"
        }
      ],
      "dependencies": {
        "decompress-response": "^6.0.0",
        "once": "^1.3.1",
        "simple-concat": "^1.0.0"
      }
    },
    "node_modules/simple-spellchecker": {
      "version": "1.0.2",
      "resolved": "https://registry.npmjs.org/simple-spellchecker/-/simple-spellchecker-1.0.2.tgz",
      "integrity": "sha512-HZEzSShwiogbAZdULabeS8w3a7mWTwUGXZKkFANzdZBSunRMaVBJM0C9t00049L+Ky6xiDtGpE8oFrreqJyocg==",
      "dependencies": {
        "adm-zip": "^0.5.4",
        "binarysearch": "^0.2.4",
        "damerau-levenshtein": "^1.0.5",
        "strip-bom": "^2.0.0",
        "tmp": "^0.1.0"
      }
    },
    "node_modules/simple-swizzle": {
      "version": "0.2.2",
      "resolved": "https://registry.npmjs.org/simple-swizzle/-/simple-swizzle-0.2.2.tgz",
      "integrity": "sha512-JA//kQgZtbuY83m+xT+tXJkmJncGMTFT+C+g2h2R9uxkYIrE2yy9sgmcLhCnw57/WSD+Eh3J97FPEDFnbXnDUg==",
      "dependencies": {
        "is-arrayish": "^0.3.1"
      }
    },
    "node_modules/smart-buffer": {
      "version": "4.2.0",
      "resolved": "https://registry.npmjs.org/smart-buffer/-/smart-buffer-4.2.0.tgz",
      "integrity": "sha512-94hK0Hh8rPqQl2xXc3HsaBoOXKV20MToPkcXvwbISWLEs+64sBq5kFgn2kJDHb1Pry9yrP0dxrCI9RRci7RXKg==",
      "engines": {
        "node": ">= 6.0.0",
        "npm": ">= 3.0.0"
      }
    },
    "node_modules/socks": {
      "version": "2.7.1",
      "resolved": "https://registry.npmjs.org/socks/-/socks-2.7.1.tgz",
      "integrity": "sha512-7maUZy1N7uo6+WVEX6psASxtNlKaNVMlGQKkG/63nEDdLOWNbiUMoLK7X4uYoLhQstau72mLgfEWcXcwsaHbYQ==",
      "dependencies": {
        "ip": "^2.0.0",
        "smart-buffer": "^4.2.0"
      },
      "engines": {
        "node": ">= 10.13.0",
        "npm": ">= 3.0.0"
      }
    },
    "node_modules/sparse-bitfield": {
      "version": "3.0.3",
      "resolved": "https://registry.npmjs.org/sparse-bitfield/-/sparse-bitfield-3.0.3.tgz",
      "integrity": "sha512-kvzhi7vqKTfkh0PZU+2D2PIllw2ymqJKujUcyPMd9Y75Nv4nPbGJZXNhxsgdQab2BmlDct1YnfQCguEvHr7VsQ==",
      "optional": true,
      "dependencies": {
        "memory-pager": "^1.0.2"
      }
    },
    "node_modules/statuses": {
      "version": "2.0.1",
      "resolved": "https://registry.npmjs.org/statuses/-/statuses-2.0.1.tgz",
      "integrity": "sha512-RwNA9Z/7PrK06rYLIzFMlaF+l73iwpzsqRIFgbMLbTcLD6cOao82TaWefPXQvB2fOC4AjuYSEndS7N/mTCbkdQ==",
      "engines": {
        "node": ">= 0.8"
      }
    },
    "node_modules/streamsearch": {
      "version": "1.1.0",
      "resolved": "https://registry.npmjs.org/streamsearch/-/streamsearch-1.1.0.tgz",
      "integrity": "sha512-Mcc5wHehp9aXz1ax6bZUyY5afg9u2rv5cqQI3mRrYkGC8rW2hM02jWuwjtL++LS5qinSyhj2QfLyNsuc+VsExg==",
      "engines": {
        "node": ">=10.0.0"
      }
    },
    "node_modules/streamx": {
      "version": "2.15.0",
      "resolved": "https://registry.npmjs.org/streamx/-/streamx-2.15.0.tgz",
      "integrity": "sha512-HcxY6ncGjjklGs1xsP1aR71INYcsXFJet5CU1CHqihQ2J5nOsbd4OjgjHO42w/4QNv9gZb3BueV+Vxok5pLEXg==",
      "dependencies": {
        "fast-fifo": "^1.1.0",
        "queue-tick": "^1.0.1"
      }
    },
    "node_modules/string_decoder": {
      "version": "1.3.0",
      "resolved": "https://registry.npmjs.org/string_decoder/-/string_decoder-1.3.0.tgz",
      "integrity": "sha512-hkRX8U1WjJFd8LsDJ2yQ/wWWxaopEsABU1XfkM8A+j0+85JAGppt16cr1Whg6KIbb4okU6Mql6BOj+uup/wKeA==",
      "dependencies": {
        "safe-buffer": "~5.2.0"
      }
    },
    "node_modules/string-similarity": {
      "version": "4.0.4",
      "resolved": "https://registry.npmjs.org/string-similarity/-/string-similarity-4.0.4.tgz",
      "integrity": "sha512-/q/8Q4Bl4ZKAPjj8WerIBJWALKkaPRfrvhfF8k/B23i4nzrlRj2/go1m90In7nG/3XDSbOo0+pu6RvCTM9RGMQ==",
      "deprecated": "Package no longer supported. Contact Support at https://www.npmjs.com/support for more info."
    },
    "node_modules/string-width": {
      "version": "4.2.3",
      "resolved": "https://registry.npmjs.org/string-width/-/string-width-4.2.3.tgz",
      "integrity": "sha512-wKyQRQpjJ0sIp62ErSZdGsjMJWsap5oRNihHhu6G7JVO/9jIB6UyevL+tXuOqrng8j/cxKTWyWUwvSTriiZz/g==",
      "dependencies": {
        "emoji-regex": "^8.0.0",
        "is-fullwidth-code-point": "^3.0.0",
        "strip-ansi": "^6.0.1"
      },
      "engines": {
        "node": ">=8"
      }
    },
    "node_modules/strip-ansi": {
      "version": "6.0.1",
      "resolved": "https://registry.npmjs.org/strip-ansi/-/strip-ansi-6.0.1.tgz",
      "integrity": "sha512-Y38VPSHcqkFrCpFnQ9vuSXmquuv5oXOKpGeT6aGrr3o3Gc9AlVa6JBfUSOCnbxGGZF+/0ooI7KrPuUSztUdU5A==",
      "dependencies": {
        "ansi-regex": "^5.0.1"
      },
      "engines": {
        "node": ">=8"
      }
    },
    "node_modules/strip-bom": {
      "version": "2.0.0",
      "resolved": "https://registry.npmjs.org/strip-bom/-/strip-bom-2.0.0.tgz",
      "integrity": "sha512-kwrX1y7czp1E69n2ajbG65mIo9dqvJ+8aBQXOGVxqwvNbsXdFM6Lq37dLAY3mknUwru8CfcCbfOLL/gMo+fi3g==",
      "dependencies": {
        "is-utf8": "^0.2.0"
      },
      "engines": {
        "node": ">=0.10.0"
      }
    },
    "node_modules/strip-json-comments": {
      "version": "2.0.1",
      "resolved": "https://registry.npmjs.org/strip-json-comments/-/strip-json-comments-2.0.1.tgz",
      "integrity": "sha512-4gB8na07fecVVkOI6Rs4e7T6NOTki5EmL7TUduTs6bu3EdnSycntVJ4re8kgZA+wx9IueI2Y11bfbgwtzuE0KQ==",
      "engines": {
        "node": ">=0.10.0"
      }
    },
    "node_modules/tar": {
      "version": "6.1.15",
      "resolved": "https://registry.npmjs.org/tar/-/tar-6.1.15.tgz",
      "integrity": "sha512-/zKt9UyngnxIT/EAGYuxaMYgOIJiP81ab9ZfkILq4oNLPFX50qyYmu7jRj9qeXoxmJHjGlbH0+cm2uy1WCs10A==",
      "dependencies": {
        "chownr": "^2.0.0",
        "fs-minipass": "^2.0.0",
        "minipass": "^5.0.0",
        "minizlib": "^2.1.1",
        "mkdirp": "^1.0.3",
        "yallist": "^4.0.0"
      },
      "engines": {
        "node": ">=10"
      }
    },
    "node_modules/tar-fs": {
      "version": "3.0.4",
      "resolved": "https://registry.npmjs.org/tar-fs/-/tar-fs-3.0.4.tgz",
      "integrity": "sha512-5AFQU8b9qLfZCX9zp2duONhPmZv0hGYiBPJsyUdqMjzq/mqVpy/rEUSeHk1+YitmxugaptgBh5oDGU3VsAJq4w==",
      "dependencies": {
        "mkdirp-classic": "^0.5.2",
        "pump": "^3.0.0",
        "tar-stream": "^3.1.5"
      }
    },
    "node_modules/tar-stream": {
      "version": "3.1.6",
      "resolved": "https://registry.npmjs.org/tar-stream/-/tar-stream-3.1.6.tgz",
      "integrity": "sha512-B/UyjYwPpMBv+PaFSWAmtYjwdrlEaZQEhMIBFNC5oEG8lpiW8XjcSdmEaClj28ArfKScKHs2nshz3k2le6crsg==",
      "dependencies": {
        "b4a": "^1.6.4",
        "fast-fifo": "^1.2.0",
        "streamx": "^2.15.0"
      }
    },
    "node_modules/tmp": {
      "version": "0.1.0",
      "resolved": "https://registry.npmjs.org/tmp/-/tmp-0.1.0.tgz",
      "integrity": "sha512-J7Z2K08jbGcdA1kkQpJSqLF6T0tdQqpR2pnSUXsIchbPdTI9v3e85cLW0d6WDhwuAleOV71j2xWs8qMPfK7nKw==",
      "dependencies": {
        "rimraf": "^2.6.3"
      },
      "engines": {
        "node": ">=6"
      }
    },
    "node_modules/tmp/node_modules/rimraf": {
      "version": "2.7.1",
      "resolved": "https://registry.npmjs.org/rimraf/-/rimraf-2.7.1.tgz",
      "integrity": "sha512-uWjbaKIK3T1OSVptzX7Nl6PvQ3qAGtKEtVRjRuazjfL3Bx5eI409VZSqgND+4UNnmzLVdPj9FqFJNPqBZFve4w==",
      "dependencies": {
        "glob": "^7.1.3"
      },
      "bin": {
        "rimraf": "bin.js"
      }
    },
    "node_modules/toidentifier": {
      "version": "1.0.1",
      "resolved": "https://registry.npmjs.org/toidentifier/-/toidentifier-1.0.1.tgz",
      "integrity": "sha512-o5sSPKEkg/DIQNmH43V0/uerLrpzVedkUh8tGNvaeXpfpuwjKenlSox/2O/BTlZUtEe+JG7s5YhEz608PlAHRA==",
      "engines": {
        "node": ">=0.6"
      }
    },
    "node_modules/tr46": {
      "version": "3.0.0",
      "resolved": "https://registry.npmjs.org/tr46/-/tr46-3.0.0.tgz",
      "integrity": "sha512-l7FvfAHlcmulp8kr+flpQZmVwtu7nfRV7NZujtN0OqES8EL4O4e0qqzL0DC5gAvx/ZC/9lk6rhcUwYvkBnBnYA==",
      "dependencies": {
        "punycode": "^2.1.1"
      },
      "engines": {
        "node": ">=12"
      }
    },
    "node_modules/tunnel-agent": {
      "version": "0.6.0",
      "resolved": "https://registry.npmjs.org/tunnel-agent/-/tunnel-agent-0.6.0.tgz",
      "integrity": "sha512-McnNiV1l8RYeY8tBgEpuodCC1mLUdbSN+CYBL7kJsJNInOP8UjDDEwdk6Mw60vdLLrr5NHKZhMAOSrR2NZuQ+w==",
      "dependencies": {
        "safe-buffer": "^5.0.1"
      },
      "engines": {
        "node": "*"
      }
    },
    "node_modules/type-is": {
      "version": "1.6.18",
      "resolved": "https://registry.npmjs.org/type-is/-/type-is-1.6.18.tgz",
      "integrity": "sha512-TkRKr9sUTxEH8MdfuCSP7VizJyzRNMjj2J2do2Jr3Kym598JVdEksuzPQCnlFPW4ky9Q+iA+ma9BGm06XQBy8g==",
      "dependencies": {
        "media-typer": "0.3.0",
        "mime-types": "~2.1.24"
      },
      "engines": {
        "node": ">= 0.6"
      }
    },
    "node_modules/typedarray": {
      "version": "0.0.6",
      "resolved": "https://registry.npmjs.org/typedarray/-/typedarray-0.0.6.tgz",
      "integrity": "sha512-/aCDEGatGvZ2BIk+HmLf4ifCJFwvKFNb9/JeZPMulfgFracn9QFcAf5GO8B/mweUjSoblS5In0cWhqpfs/5PQA=="
    },
    "node_modules/unpipe": {
      "version": "1.0.0",
      "resolved": "https://registry.npmjs.org/unpipe/-/unpipe-1.0.0.tgz",
      "integrity": "sha512-pjy2bYhSsufwWlKwPc+l3cN7+wuJlK6uz0YdJEOlQDbl6jo/YlPi4mb8agUkVC8BF7V8NuzeyPNqRksA3hztKQ==",
      "engines": {
        "node": ">= 0.8"
      }
    },
    "node_modules/url-template": {
      "version": "2.0.8",
      "resolved": "https://registry.npmjs.org/url-template/-/url-template-2.0.8.tgz",
      "integrity": "sha512-XdVKMF4SJ0nP/O7XIPB0JwAEuT9lDIYnNsK8yGVe43y0AWoKeJNdv3ZNWh7ksJ6KqQFjOO6ox/VEitLnaVNufw=="
    },
    "node_modules/util-deprecate": {
      "version": "1.0.2",
      "resolved": "https://registry.npmjs.org/util-deprecate/-/util-deprecate-1.0.2.tgz",
      "integrity": "sha512-EPD5q1uXyFxJpCrLnCc1nHnq3gOa6DZBocAIiI2TaSCA7VCJ1UJDMagCzIkXNsUYfD1daK//LTEQ8xiIbrHtcw=="
    },
    "node_modules/utils-merge": {
      "version": "1.0.1",
      "resolved": "https://registry.npmjs.org/utils-merge/-/utils-merge-1.0.1.tgz",
      "integrity": "sha512-pMZTvIkT1d+TFGvDOqodOclx0QWkkgi6Tdoa8gC8ffGAAqz9pzPTZWAybbsHHoED/ztMtkv/VoYTYyShUn81hA==",
      "engines": {
        "node": ">= 0.4.0"
      }
    },
    "node_modules/uuid": {
      "version": "9.0.0",
      "resolved": "https://registry.npmjs.org/uuid/-/uuid-9.0.0.tgz",
      "integrity": "sha512-MXcSTerfPa4uqyzStbRoTgt5XIe3x5+42+q1sDuy3R5MDk66URdLMOZe5aPX/SQd+kuYAh0FdP/pO28IkQyTeg==",
      "bin": {
        "uuid": "dist/bin/uuid"
      }
    },
    "node_modules/vary": {
      "version": "1.1.2",
      "resolved": "https://registry.npmjs.org/vary/-/vary-1.1.2.tgz",
      "integrity": "sha512-BNGbWLfd0eUPabhkXUVm0j8uuvREyTh5ovRa/dyow/BqAbZJyC+5fU+IzQOzmAKzYqYRAISoRhdQr3eIZ/PXqg==",
      "engines": {
        "node": ">= 0.8"
      }
    },
    "node_modules/webidl-conversions": {
      "version": "7.0.0",
      "resolved": "https://registry.npmjs.org/webidl-conversions/-/webidl-conversions-7.0.0.tgz",
      "integrity": "sha512-VwddBukDzu71offAQR975unBIGqfKZpM+8ZX6ySk8nYhVoo5CYaZyzt3YBvYtRtO+aoGlqxPg/B87NGVZ/fu6g==",
      "engines": {
        "node": ">=12"
      }
    },
    "node_modules/whatwg-url": {
      "version": "11.0.0",
      "resolved": "https://registry.npmjs.org/whatwg-url/-/whatwg-url-11.0.0.tgz",
      "integrity": "sha512-RKT8HExMpoYx4igMiVMY83lN6UeITKJlBQ+vR/8ZJ8OCdSiN3RwCq+9gH0+Xzj0+5IrM6i4j/6LuvzbZIQgEcQ==",
      "dependencies": {
        "tr46": "^3.0.0",
        "webidl-conversions": "^7.0.0"
      },
      "engines": {
        "node": ">=12"
      }
    },
    "node_modules/wide-align": {
      "version": "1.1.5",
      "resolved": "https://registry.npmjs.org/wide-align/-/wide-align-1.1.5.tgz",
      "integrity": "sha512-eDMORYaPNZ4sQIuuYPDHdQvf4gyCF9rEEV/yPxGfwPkRodwEgiMUUXTx/dex+Me0wxx53S+NgUHaP7y3MGlDmg==",
      "dependencies": {
        "string-width": "^1.0.2 || 2 || 3 || 4"
      }
    },
    "node_modules/wrappy": {
      "version": "1.0.2",
      "resolved": "https://registry.npmjs.org/wrappy/-/wrappy-1.0.2.tgz",
      "integrity": "sha512-l4Sp/DRseor9wL6EvV2+TuQn63dMkPjZ/sp9XkghTEbV9KlPS1xUsZ3u7/IQO4wxtcFB4bgpQPRcR3QCvezPcQ=="
    },
    "node_modules/xtend": {
      "version": "4.0.2",
      "resolved": "https://registry.npmjs.org/xtend/-/xtend-4.0.2.tgz",
      "integrity": "sha512-LKYU1iAXJXUgAXn9URjiu+MWhyUXHsvfp7mcuYm9dSUKK0/CjtrUwFAxD82/mCWbtLsGjFIad0wIsod4zrTAEQ==",
      "engines": {
        "node": ">=0.4"
      }
    },
    "node_modules/yallist": {
      "version": "4.0.0",
      "resolved": "https://registry.npmjs.org/yallist/-/yallist-4.0.0.tgz",
      "integrity": "sha512-3wdGidZyq5PB084XLES5TpOSRA3wjXAlIWMhum2kRcv/41Sn2emQ0dycQW4uZXLejwKvg6EsvbdlVL+FYEct7A=="
    }
  }
}
