{
  "name": "backend",
  "version": "1.0.0",
  "description": "",
  "main": "index.js",
  "scripts": {
    "test": "echo \"Error: no test specified\" && exit 1"
  },
  "author": "",
  "license": "ISC",
  "dependencies": {
    "bcrypt": "^5.1.0",
    "body-parser": "^1.20.2",
    "crypto": "^1.0.1",
    "dotenv": "^16.3.1",
    "express": "^4.19.1",
    "googleapis": "^122.0.0",
    "joi": "^17.9.2",
    "jsonwebtoken": "^9.0.1",
    "mongoose": "^7.4.0",
    "multer": "^1.4.5-lts.1",
    "nodemailer": "^6.9.4",
    "sharp": "^0.32.4",
    "simple-spellchecker": "^1.0.2",
    "string-similarity": "^4.0.4"
  }
}
